-- phpMyAdmin SQL Dump
-- version 4.6.6
-- https://www.phpmyadmin.net/
--
-- Host: localhost
-- Generation Time: 2017-12-26 13:42:22
-- 服务器版本： 10.3.2-MariaDB
-- PHP Version: 5.6.32

SET SQL_MODE = "NO_AUTO_VALUE_ON_ZERO";
SET time_zone = "+00:00";


/*!40101 SET @OLD_CHARACTER_SET_CLIENT=@@CHARACTER_SET_CLIENT */;
/*!40101 SET @OLD_CHARACTER_SET_RESULTS=@@CHARACTER_SET_RESULTS */;
/*!40101 SET @OLD_COLLATION_CONNECTION=@@COLLATION_CONNECTION */;
/*!40101 SET NAMES utf8mb4 */;

--
-- Database: `cacti`
--

-- --------------------------------------------------------

--
-- 表的结构 `cdef`
--

CREATE TABLE `cdef` (
  `id` mediumint(8) UNSIGNED NOT NULL,
  `hash` varchar(32) NOT NULL DEFAULT '',
  `name` varchar(255) NOT NULL DEFAULT ''
) ENGINE=MyISAM DEFAULT CHARSET=latin1;

--
-- 转存表中的数据 `cdef`
--

INSERT INTO `cdef` (`id`, `hash`, `name`) VALUES
(3, '3d352eed9fa8f7b2791205b3273708c7', 'Make Stack Negative'),
(4, 'e961cc8ec04fda6ed4981cf5ad501aa5', 'Make Per 5 Minutes'),
(12, 'f1ac79f05f255c02f914c920f1038c54', 'Total All Data Sources'),
(2, '73f95f8b77b5508157d64047342c421e', 'Turn Bytes into Bits'),
(14, '634a23af5e78af0964e8d33b1a4ed26b', 'Multiply by 1024'),
(15, '068984b5ccdfd2048869efae5166f722', 'Total All Data Sources, Multiply by 1024'),
(16, '9feb7eb6d49028c5b494fc1a1797a681', 'Network');

-- --------------------------------------------------------

--
-- 表的结构 `cdef_items`
--

CREATE TABLE `cdef_items` (
  `id` mediumint(8) UNSIGNED NOT NULL,
  `hash` varchar(32) NOT NULL DEFAULT '',
  `cdef_id` mediumint(8) UNSIGNED NOT NULL DEFAULT 0,
  `sequence` mediumint(8) UNSIGNED NOT NULL DEFAULT 0,
  `type` tinyint(2) NOT NULL DEFAULT 0,
  `value` varchar(150) NOT NULL DEFAULT ''
) ENGINE=MyISAM DEFAULT CHARSET=latin1;

--
-- 转存表中的数据 `cdef_items`
--

INSERT INTO `cdef_items` (`id`, `hash`, `cdef_id`, `sequence`, `type`, `value`) VALUES
(7, '9bbf6b792507bb9bb17d2af0970f9be9', 2, 1, 4, 'CURRENT_DATA_SOURCE'),
(9, 'a4b8eb2c3bf4920a3ef571a7a004be53', 2, 2, 6, '8'),
(8, 'caa4e023ac2d7b1c4b4c8c4adfd55dfe', 2, 3, 2, '3'),
(10, 'c888c9fe6b62c26c4bfe23e18991731d', 3, 1, 4, 'CURRENT_DATA_SOURCE'),
(11, '1e1d0b29a94e08b648c8f053715442a0', 3, 3, 2, '3'),
(12, '4355c197998c7f8b285be7821ddc6da4', 3, 2, 6, '-1'),
(13, '40bb7a1143b0f2e2efca14eb356236de', 4, 1, 4, 'CURRENT_DATA_SOURCE'),
(14, '42686ea0925c0220924b7d333599cd67', 4, 3, 2, '3'),
(15, 'faf1b148b2c0e0527362ed5b8ca1d351', 4, 2, 6, '300'),
(16, '0ef6b8a42dc83b4e43e437960fccd2ea', 12, 1, 4, 'ALL_DATA_SOURCES_NODUPS'),
(18, '86370cfa0008fe8c56b28be80ee39a40', 14, 1, 4, 'CURRENT_DATA_SOURCE'),
(19, '9a35cc60d47691af37f6fddf02064e20', 14, 2, 6, '1024'),
(20, '5d7a7941ec0440b257e5598a27dd1688', 14, 3, 2, '3'),
(21, '44fd595c60539ff0f5817731d9f43a85', 15, 1, 4, 'ALL_DATA_SOURCES_NODUPS'),
(22, 'aa38be265e5ac31783e57ce6f9314e9a', 15, 2, 6, '1024'),
(23, '204423d4b2598f1f7252eea19458345c', 15, 3, 2, '3');

-- --------------------------------------------------------

--
-- 表的结构 `colors`
--

CREATE TABLE `colors` (
  `id` mediumint(8) UNSIGNED NOT NULL,
  `hex` varchar(6) NOT NULL DEFAULT ''
) ENGINE=MyISAM DEFAULT CHARSET=latin1;

--
-- 转存表中的数据 `colors`
--

INSERT INTO `colors` (`id`, `hex`) VALUES
(1, '000000'),
(2, 'FFFFFF'),
(4, 'FAFD9E'),
(5, 'C0C0C0'),
(6, '74C366'),
(7, '6DC8FE'),
(8, 'EA8F00'),
(9, 'FF0000'),
(10, '4444FF'),
(11, 'FF00FF'),
(12, '00FF00'),
(13, '8D85F3'),
(14, 'AD3B6E'),
(15, 'EACC00'),
(16, '12B3B5'),
(17, '157419'),
(18, 'C4FD3D'),
(19, '817C4E'),
(20, '002A97'),
(21, '0000FF'),
(22, '00CF00'),
(24, 'F9FD5F'),
(25, 'FFF200'),
(26, 'CCBB00'),
(27, '837C04'),
(28, 'EAAF00'),
(29, 'FFD660'),
(30, 'FFC73B'),
(31, 'FFAB00'),
(33, 'FF7D00'),
(34, 'ED7600'),
(35, 'FF5700'),
(36, 'EE5019'),
(37, 'B1441E'),
(38, 'FFC3C0'),
(39, 'FF897C'),
(40, 'FF6044'),
(41, 'FF4105'),
(42, 'DA4725'),
(43, '942D0C'),
(44, 'FF3932'),
(45, '862F2F'),
(46, 'FF5576'),
(47, '562B29'),
(48, 'F51D30'),
(49, 'DE0056'),
(50, 'ED5394'),
(51, 'B90054'),
(52, '8F005C'),
(53, 'F24AC8'),
(54, 'E8CDEF'),
(55, 'D8ACE0'),
(56, 'A150AA'),
(57, '750F7D'),
(58, '8D00BA'),
(59, '623465'),
(60, '55009D'),
(61, '3D168B'),
(62, '311F4E'),
(63, 'D2D8F9'),
(64, '9FA4EE'),
(65, '6557D0'),
(66, '4123A1'),
(67, '4668E4'),
(68, '0D006A'),
(69, '00004D'),
(70, '001D61'),
(71, '00234B'),
(72, '002A8F'),
(73, '2175D9'),
(74, '7CB3F1'),
(75, '005199'),
(76, '004359'),
(77, '00A0C1'),
(78, '007283'),
(79, '00BED9'),
(80, 'AFECED'),
(81, '55D6D3'),
(82, '00BBB4'),
(83, '009485'),
(84, '005D57'),
(85, '008A77'),
(86, '008A6D'),
(87, '00B99B'),
(88, '009F67'),
(89, '00694A'),
(90, '00A348'),
(91, '00BF47'),
(92, '96E78A'),
(93, '00BD27'),
(94, '35962B'),
(95, '7EE600'),
(96, '6EA100'),
(97, 'CAF100'),
(98, 'F5F800'),
(99, 'CDCFC4'),
(100, 'BCBEB3'),
(101, 'AAABA1'),
(102, '8F9286'),
(103, '797C6E'),
(104, '2E3127');

-- --------------------------------------------------------

--
-- 表的结构 `data_input`
--

CREATE TABLE `data_input` (
  `id` mediumint(8) UNSIGNED NOT NULL,
  `hash` varchar(32) NOT NULL DEFAULT '',
  `name` varchar(200) NOT NULL DEFAULT '',
  `input_string` varchar(255) DEFAULT NULL,
  `type_id` tinyint(2) NOT NULL DEFAULT 0
) ENGINE=MyISAM DEFAULT CHARSET=latin1;

--
-- 转存表中的数据 `data_input`
--

INSERT INTO `data_input` (`id`, `hash`, `name`, `input_string`, `type_id`) VALUES
(1, '3eb92bb845b9660a7445cf9740726522', 'Get SNMP Data', '', 2),
(2, 'bf566c869ac6443b0c75d1c32b5a350e', 'Get SNMP Data (Indexed)', '', 3),
(3, '274f4685461170b9eb1b98d22567ab5e', 'Unix - Get Free Disk Space', '<path_cacti>/scripts/diskfree.sh <partition>', 1),
(4, '95ed0993eb3095f9920d431ac80f4231', 'Unix - Get Load Average', 'perl <path_cacti>/scripts/loadavg_multi.pl', 1),
(5, '79a284e136bb6b061c6f96ec219ac448', 'Unix - Get Logged In Users', 'perl <path_cacti>/scripts/unix_users.pl <username>', 1),
(6, '362e6d4768937c4f899dd21b91ef0ff8', 'Linux - Get Memory Usage', 'perl <path_cacti>/scripts/linux_memory.pl <grepstr>', 1),
(7, 'a637359e0a4287ba43048a5fdf202066', 'Unix - Get System Processes', 'perl <path_cacti>/scripts/unix_processes.pl', 1),
(8, '47d6bfe8be57a45171afd678920bd399', 'Unix - Get TCP Connections', 'perl <path_cacti>/scripts/unix_tcp_connections.pl <grepstr>', 1),
(9, 'cc948e4de13f32b6aea45abaadd287a3', 'Unix - Get Web Hits', 'perl <path_cacti>/scripts/webhits.pl <log_path>', 1),
(10, '8bd153aeb06e3ff89efc73f35849a7a0', 'Unix - Ping Host', 'perl <path_cacti>/scripts/ping.pl <ip>', 1),
(11, '80e9e4c4191a5da189ae26d0e237f015', 'Get Script Data (Indexed)', '', 4),
(12, '332111d8b54ac8ce939af87a7eac0c06', 'Get Script Server Data (Indexed)', '', 6);

-- --------------------------------------------------------

--
-- 表的结构 `data_input_data`
--

CREATE TABLE `data_input_data` (
  `data_input_field_id` mediumint(8) UNSIGNED NOT NULL DEFAULT 0,
  `data_template_data_id` mediumint(8) UNSIGNED NOT NULL DEFAULT 0,
  `t_value` char(2) DEFAULT NULL,
  `value` text DEFAULT NULL
) ENGINE=MyISAM DEFAULT CHARSET=latin1;

--
-- 转存表中的数据 `data_input_data`
--

INSERT INTO `data_input_data` (`data_input_field_id`, `data_template_data_id`, `t_value`, `value`) VALUES
(14, 1, 'on', ''),
(13, 1, 'on', ''),
(12, 1, 'on', ''),
(14, 2, 'on', ''),
(13, 2, 'on', ''),
(12, 2, 'on', ''),
(14, 3, 'on', ''),
(13, 3, 'on', ''),
(12, 3, 'on', ''),
(1, 4, '', ''),
(1, 5, '', ''),
(1, 6, '', ''),
(14, 7, 'on', ''),
(13, 7, 'on', ''),
(12, 7, 'on', ''),
(14, 8, 'on', ''),
(13, 8, 'on', ''),
(12, 8, 'on', ''),
(14, 9, 'on', ''),
(13, 9, 'on', ''),
(12, 9, 'on', ''),
(14, 10, 'on', ''),
(13, 10, 'on', ''),
(12, 10, 'on', ''),
(22, 12, '', 'Buffers:'),
(22, 13, '', 'MemFree:'),
(22, 14, '', '^Cached:'),
(22, 15, '', 'SwapFree:'),
(29, 18, '', ''),
(1, 19, '', ''),
(2, 19, '', ''),
(6, 21, '', '.1.3.6.1.2.1.25.3.3.1.2.1'),
(1, 27, '', ''),
(6, 28, '', '.1.3.6.1.4.1.9.9.109.1.1.1.1.3.1'),
(6, 29, '', '.1.3.6.1.4.1.9.9.109.1.1.1.1.4.1'),
(1, 30, '', ''),
(1, 31, '', ''),
(1, 32, '', ''),
(1, 33, '', ''),
(1, 34, '', ''),
(14, 35, 'on', ''),
(13, 35, 'on', ''),
(12, 35, 'on', ''),
(14, 36, 'on', ''),
(13, 36, 'on', ''),
(12, 36, 'on', ''),
(1, 22, '', ''),
(1, 23, '', ''),
(1, 24, '', ''),
(1, 25, '', ''),
(1, 26, '', ''),
(33, 37, 'on', ''),
(32, 37, 'on', ''),
(31, 37, 'on', ''),
(14, 38, 'on', ''),
(13, 38, 'on', ''),
(12, 38, 'on', ''),
(14, 39, 'on', ''),
(13, 39, 'on', ''),
(12, 39, 'on', ''),
(14, 40, 'on', ''),
(13, 40, 'on', ''),
(12, 40, 'on', ''),
(14, 41, 'on', ''),
(13, 41, 'on', ''),
(12, 41, 'on', ''),
(14, 55, 'on', ''),
(13, 55, 'on', ''),
(12, 55, 'on', ''),
(37, 56, 'on', ''),
(36, 56, 'on', ''),
(35, 56, 'on', ''),
(37, 57, 'on', ''),
(36, 57, 'on', ''),
(35, 57, 'on', ''),
(1, 58, '', ''),
(1, 59, '', ''),
(1, 20, '', ''),
(5, 6, '', ''),
(22, 62, NULL, 'MemFree:'),
(22, 63, NULL, 'SwapFree:'),
(4, 6, '', ''),
(3, 6, '', ''),
(2, 6, '', ''),
(6, 69, 'on', ''),
(1, 68, '', ''),
(2, 68, '', ''),
(6, 6, '', '.1.3.6.1.4.1.2021.11.51.0'),
(2, 27, '', ''),
(3, 27, '', ''),
(4, 27, '', ''),
(5, 27, '', ''),
(6, 27, '', '.1.3.6.1.4.1.9.2.1.58.0'),
(2, 59, '', ''),
(3, 59, '', ''),
(4, 59, '', ''),
(5, 59, '', ''),
(6, 59, '', '.1.3.6.1.2.1.25.1.5.0'),
(2, 58, '', ''),
(3, 58, '', ''),
(4, 58, '', ''),
(5, 58, '', ''),
(6, 58, '', '.1.3.6.1.2.1.25.1.6.0'),
(2, 24, '', ''),
(3, 24, '', ''),
(4, 24, '', ''),
(5, 24, '', ''),
(6, 24, '', '.1.3.6.1.4.1.23.2.28.2.5.0'),
(2, 25, '', ''),
(3, 25, '', ''),
(4, 25, '', ''),
(5, 25, '', ''),
(6, 25, '', '.1.3.6.1.4.1.23.2.28.2.6.0'),
(2, 22, '', ''),
(3, 22, '', ''),
(4, 22, '', ''),
(5, 22, '', ''),
(6, 22, '', '.1.3.6.1.4.1.23.2.28.2.1.0'),
(2, 23, '', ''),
(3, 23, '', ''),
(4, 23, '', ''),
(5, 23, '', ''),
(6, 23, '', '.1.3.6.1.4.1.23.2.28.2.2.0'),
(2, 26, '', ''),
(3, 26, '', ''),
(4, 26, '', ''),
(5, 26, '', ''),
(6, 26, '', '.1.3.6.1.4.1.23.2.28.2.7.0'),
(2, 20, '', ''),
(3, 20, '', ''),
(4, 20, '', ''),
(5, 20, '', ''),
(6, 20, '', '.1.3.6.1.4.1.23.2.28.3.2.0'),
(3, 19, '', ''),
(4, 19, '', ''),
(5, 19, '', ''),
(6, 19, '', '.1.3.6.1.4.1.23.2.28.3.1'),
(2, 4, '', ''),
(3, 4, '', ''),
(4, 4, '', ''),
(5, 4, '', ''),
(6, 4, '', '.1.3.6.1.4.1.2021.11.52.0'),
(2, 5, '', ''),
(3, 5, '', ''),
(4, 5, '', ''),
(5, 5, '', ''),
(6, 5, '', '.1.3.6.1.4.1.2021.11.50.0'),
(2, 30, '', ''),
(3, 30, '', ''),
(4, 30, '', ''),
(5, 30, '', ''),
(6, 30, '', '.1.3.6.1.4.1.2021.10.1.3.1'),
(2, 32, '', ''),
(3, 32, '', ''),
(4, 32, '', ''),
(5, 32, '', ''),
(6, 32, '', '.1.3.6.1.4.1.2021.10.1.3.3'),
(2, 31, '', ''),
(3, 31, '', ''),
(4, 31, '', ''),
(5, 31, '', ''),
(6, 31, '', '.1.3.6.1.4.1.2021.10.1.3.2'),
(2, 33, '', ''),
(3, 33, '', ''),
(4, 33, '', ''),
(5, 33, '', ''),
(6, 33, '', '.1.3.6.1.4.1.2021.4.14.0'),
(3, 68, '', ''),
(4, 68, '', ''),
(5, 68, '', ''),
(6, 68, '', '.1.3.6.1.4.1.2021.4.15.0'),
(2, 34, '', ''),
(3, 34, '', ''),
(4, 34, '', ''),
(5, 34, '', ''),
(6, 34, '', '.1.3.6.1.4.1.2021.4.6.0'),
(20, 17, '', ''),
(20, 65, NULL, ''),
(37, 70, '', '18'),
(36, 70, '', 'C: Label:  Serial Number 9479946c'),
(35, 70, '', 'hrStorageDescr'),
(37, 71, '', '18'),
(36, 71, '', 'D: Label:  Serial Number 902326c2'),
(35, 71, '', 'hrStorageDescr'),
(37, 72, '', '18'),
(36, 72, '', 'E: Label:  Serial Number 28e0fc'),
(35, 72, '', 'hrStorageDescr'),
(37, 73, '', '18'),
(36, 73, '', 'Physical Memory'),
(35, 73, '', 'hrStorageDescr'),
(37, 74, '', '19'),
(36, 74, '', '0'),
(35, 74, '', 'hrProcessorFrwID'),
(37, 75, '', '19'),
(36, 75, '', '1'),
(35, 75, '', 'hrProcessorFrwID'),
(37, 76, '', '19'),
(36, 76, '', '2'),
(35, 76, '', 'hrProcessorFrwID'),
(37, 77, '', '19'),
(36, 77, '', '3'),
(35, 77, '', 'hrProcessorFrwID'),
(14, 78, '', '13'),
(13, 78, '', 'Intel(R) PRO/1000 EB Network Connection with I/O Acceleration #2'),
(12, 78, '', 'ifDescr'),
(7, 78, NULL, '192.168.6.174'),
(8, 78, NULL, 'public'),
(9, 78, NULL, ''),
(10, 78, NULL, ''),
(11, 78, NULL, '1'),
(39, 78, NULL, '161'),
(44, 78, NULL, ''),
(45, 78, NULL, ''),
(46, 78, NULL, ''),
(14, 79, '', '13'),
(13, 79, '', 'Intel(R) PRO/1000 EB Network Connection with I/O Acceleration'),
(12, 79, '', 'ifDescr'),
(7, 79, NULL, '192.168.6.174'),
(8, 79, NULL, 'public'),
(9, 79, NULL, ''),
(10, 79, NULL, ''),
(11, 79, NULL, '1'),
(39, 79, NULL, '161'),
(44, 79, NULL, ''),
(45, 79, NULL, ''),
(46, 79, NULL, ''),
(1, 80, NULL, '192.168.6.5'),
(2, 80, NULL, 'public'),
(3, 80, NULL, ''),
(4, 80, NULL, ''),
(5, 80, NULL, '1'),
(6, 80, '', '.1.3.6.1.2.1.25.1.5.0'),
(40, 80, NULL, '161'),
(41, 80, NULL, ''),
(42, 80, NULL, ''),
(43, 80, NULL, ''),
(1, 81, NULL, '192.168.6.5'),
(2, 81, NULL, 'public'),
(3, 81, NULL, ''),
(4, 81, NULL, ''),
(5, 81, NULL, '1'),
(6, 81, '', '.1.3.6.1.2.1.25.1.6.0'),
(40, 81, NULL, '161'),
(41, 81, NULL, ''),
(42, 81, NULL, ''),
(43, 81, NULL, ''),
(37, 82, '', '18'),
(36, 82, '', 'C: Label:  Serial Number a4e7aa8e'),
(35, 82, '', 'hrStorageDescr'),
(37, 83, '', '18'),
(36, 83, '', 'D: Label:  Serial Number 886afe79'),
(35, 83, '', 'hrStorageDescr'),
(37, 84, '', '18'),
(36, 84, '', 'E: Label:  Serial Number 6c965434'),
(35, 84, '', 'hrStorageDescr'),
(37, 85, '', '18'),
(36, 85, '', 'Physical Memory'),
(35, 85, '', 'hrStorageDescr'),
(37, 86, '', '19'),
(36, 86, '', '0'),
(35, 86, '', 'hrProcessorFrwID'),
(37, 87, '', '19'),
(36, 87, '', '1'),
(35, 87, '', 'hrProcessorFrwID'),
(37, 88, '', '19'),
(36, 88, '', '2'),
(35, 88, '', 'hrProcessorFrwID'),
(37, 89, '', '19'),
(36, 89, '', '3'),
(35, 89, '', 'hrProcessorFrwID'),
(14, 90, '', '13'),
(13, 90, '', 'Broadcom NetXtreme Gigabit Ethernet #2'),
(12, 90, '', 'ifDescr'),
(7, 90, NULL, '192.168.6.5'),
(8, 90, NULL, 'public'),
(9, 90, NULL, ''),
(10, 90, NULL, ''),
(11, 90, NULL, '1'),
(39, 90, NULL, '161'),
(44, 90, NULL, ''),
(45, 90, NULL, ''),
(46, 90, NULL, ''),
(1, 91, NULL, '192.168.6.20'),
(2, 91, NULL, 'public'),
(3, 91, NULL, ''),
(4, 91, NULL, ''),
(5, 91, NULL, '1'),
(6, 91, '', '.1.3.6.1.2.1.25.1.5.0'),
(40, 91, NULL, '161'),
(41, 91, NULL, ''),
(42, 91, NULL, ''),
(43, 91, NULL, ''),
(1, 92, NULL, '192.168.6.20'),
(2, 92, NULL, 'public'),
(3, 92, NULL, ''),
(4, 92, NULL, ''),
(5, 92, NULL, '1'),
(6, 92, '', '.1.3.6.1.2.1.25.1.6.0'),
(40, 92, NULL, '161'),
(41, 92, NULL, ''),
(42, 92, NULL, ''),
(43, 92, NULL, ''),
(37, 93, '', '18'),
(36, 93, '', ''),
(35, 93, '', ''),
(37, 94, '', '18'),
(36, 94, '', ''),
(35, 94, '', ''),
(37, 95, '', '18'),
(36, 95, '', ''),
(35, 95, '', ''),
(37, 96, '', '18'),
(36, 96, '', ''),
(35, 96, '', ''),
(37, 97, '', '19'),
(36, 97, '', '0'),
(35, 97, '', 'hrProcessorFrwID'),
(37, 98, '', '19'),
(36, 98, '', '1'),
(35, 98, '', 'hrProcessorFrwID'),
(14, 99, '', '13'),
(13, 99, '', 'Marvell Yukon 88E8056 PCI-E Gigabit Ethernet Controller -'),
(12, 99, '', 'ifDescr'),
(7, 99, NULL, '192.168.6.20'),
(8, 99, NULL, 'public'),
(9, 99, NULL, ''),
(10, 99, NULL, ''),
(11, 99, NULL, '1'),
(39, 99, NULL, '161'),
(44, 99, NULL, ''),
(45, 99, NULL, ''),
(46, 99, NULL, ''),
(29, 100, '', '192.168.6.20'),
(29, 101, NULL, '192.168.6.174'),
(29, 102, NULL, '192.168.6.5'),
(1, 103, NULL, '192.168.6.23'),
(2, 103, NULL, 'public'),
(3, 103, NULL, ''),
(4, 103, NULL, ''),
(5, 103, NULL, '1'),
(6, 103, '', '.1.3.6.1.2.1.25.1.5.0'),
(40, 103, NULL, '161'),
(41, 103, NULL, ''),
(42, 103, NULL, ''),
(43, 103, NULL, ''),
(1, 104, NULL, '192.168.6.23'),
(2, 104, NULL, 'public'),
(3, 104, NULL, ''),
(4, 104, NULL, ''),
(5, 104, NULL, '1'),
(6, 104, '', '.1.3.6.1.2.1.25.1.6.0'),
(40, 104, NULL, '161'),
(41, 104, NULL, ''),
(42, 104, NULL, ''),
(43, 104, NULL, ''),
(37, 105, '', '18'),
(36, 105, '', ''),
(35, 105, '', ''),
(37, 106, '', '18'),
(36, 106, '', ''),
(35, 106, '', ''),
(37, 107, '', '18'),
(36, 107, '', ''),
(35, 107, '', ''),
(37, 108, '', '19'),
(36, 108, '', '0'),
(35, 108, '', 'hrProcessorFrwID'),
(37, 109, '', '19'),
(36, 109, '', '1'),
(35, 109, '', 'hrProcessorFrwID'),
(14, 110, '', '13'),
(13, 110, '', 'Marvell Yukon 88E8056 PCI-E Gigabit Ethernet Controller -'),
(12, 110, '', 'ifDescr'),
(7, 110, NULL, '192.168.6.23'),
(8, 110, NULL, 'public'),
(9, 110, NULL, ''),
(10, 110, NULL, ''),
(11, 110, NULL, '1'),
(39, 110, NULL, '161'),
(44, 110, NULL, ''),
(45, 110, NULL, ''),
(46, 110, NULL, ''),
(29, 111, '', '192.168.6.23'),
(33, 112, '', '15'),
(32, 112, '', '/dev/sda2'),
(31, 112, '', 'dskDevice'),
(33, 113, '', '15'),
(32, 113, '', '/dev/sda3'),
(31, 113, '', 'dskDevice'),
(33, 114, '', '15'),
(32, 114, '', '/dev/sda6'),
(31, 114, '', 'dskDevice'),
(33, 115, '', '15'),
(32, 115, '', '/dev/sdb1'),
(31, 115, '', 'dskDevice'),
(14, 116, 'on', ''),
(13, 116, '', 'bytes'),
(12, 116, 'on', ''),
(7, 116, '', '192.168.6.20'),
(8, 116, '', 'public'),
(9, 116, '', ''),
(10, 116, '', ''),
(11, 116, '', '1'),
(39, 116, '', '161'),
(44, 116, '', ''),
(45, 116, '', ''),
(46, 116, '', ''),
(14, 117, 'on', ''),
(13, 117, '', 'bytes'),
(12, 117, 'on', ''),
(7, 117, '', '192.168.6.20'),
(8, 117, '', 'public'),
(9, 117, '', ''),
(10, 117, '', ''),
(11, 117, '', '1'),
(39, 117, '', '161'),
(44, 117, '', ''),
(45, 117, '', ''),
(46, 117, '', ''),
(1, 118, NULL, '192.168.6.21'),
(2, 118, NULL, 'public'),
(3, 118, NULL, ''),
(4, 118, NULL, ''),
(5, 118, NULL, '1'),
(6, 118, '', '.1.3.6.1.2.1.25.1.5.0'),
(40, 118, NULL, '161'),
(41, 118, NULL, 'MD5'),
(42, 118, NULL, ''),
(43, 118, NULL, 'DES'),
(1, 119, NULL, '192.168.6.21'),
(2, 119, NULL, 'public'),
(3, 119, NULL, ''),
(4, 119, NULL, ''),
(5, 119, NULL, '1'),
(6, 119, '', '.1.3.6.1.2.1.25.1.6.0'),
(40, 119, NULL, '161'),
(41, 119, NULL, 'MD5'),
(42, 119, NULL, ''),
(43, 119, NULL, 'DES'),
(37, 120, '', '18'),
(36, 120, '', ''),
(35, 120, '', ''),
(37, 121, '', '18'),
(36, 121, '', ''),
(35, 121, '', ''),
(37, 122, '', '18'),
(36, 122, '', ''),
(35, 122, '', ''),
(37, 123, '', '19'),
(36, 123, '', '0'),
(35, 123, '', 'hrProcessorFrwID'),
(37, 124, '', '19'),
(36, 124, '', '1'),
(35, 124, '', 'hrProcessorFrwID'),
(14, 125, '', '13'),
(13, 125, '', 'Marvell Yukon 88E8056 PCI-E Gigabit Ethernet Controller -'),
(12, 125, '', 'ifDescr'),
(7, 125, NULL, '192.168.6.21'),
(8, 125, NULL, 'public'),
(9, 125, NULL, ''),
(10, 125, NULL, ''),
(11, 125, NULL, '1'),
(39, 125, NULL, '161'),
(44, 125, NULL, 'MD5'),
(45, 125, NULL, ''),
(46, 125, NULL, 'DES'),
(1, 126, NULL, '192.168.6.22'),
(2, 126, NULL, 'public'),
(3, 126, NULL, ''),
(4, 126, NULL, ''),
(5, 126, NULL, '1'),
(6, 126, '', '.1.3.6.1.2.1.25.1.5.0'),
(40, 126, NULL, '161'),
(41, 126, NULL, 'MD5'),
(42, 126, NULL, ''),
(43, 126, NULL, 'DES'),
(1, 127, NULL, '192.168.6.22'),
(2, 127, NULL, 'public'),
(3, 127, NULL, ''),
(4, 127, NULL, ''),
(5, 127, NULL, '1'),
(6, 127, '', '.1.3.6.1.2.1.25.1.6.0'),
(40, 127, NULL, '161'),
(41, 127, NULL, 'MD5'),
(42, 127, NULL, ''),
(43, 127, NULL, 'DES'),
(37, 128, '', '18'),
(36, 128, '', 'C: Label:  Serial Number e06045e5'),
(35, 128, '', 'hrStorageDescr'),
(37, 129, '', '18'),
(36, 129, '', 'D: Label:        Serial Number e4abd021'),
(35, 129, '', 'hrStorageDescr'),
(37, 130, '', '18'),
(36, 130, '', 'Virtual Memory'),
(35, 130, '', 'hrStorageDescr'),
(37, 131, '', '19'),
(36, 131, '', '0'),
(35, 131, '', 'hrProcessorFrwID'),
(37, 132, '', '19'),
(36, 132, '', '1'),
(35, 132, '', 'hrProcessorFrwID'),
(14, 133, '', '13'),
(13, 133, '', 'Realtek PCIe FE Family Controller -'),
(12, 133, '', 'ifDescr'),
(7, 133, NULL, '192.168.6.22'),
(8, 133, NULL, 'public'),
(9, 133, NULL, ''),
(10, 133, NULL, ''),
(11, 133, NULL, '1'),
(39, 133, NULL, '161'),
(44, 133, NULL, 'MD5'),
(45, 133, NULL, ''),
(46, 133, NULL, 'DES'),
(1, 134, NULL, '192.168.6.24'),
(2, 134, NULL, 'public'),
(3, 134, NULL, ''),
(4, 134, NULL, ''),
(5, 134, NULL, '1'),
(6, 134, '', '.1.3.6.1.2.1.25.1.5.0'),
(40, 134, NULL, '161'),
(41, 134, NULL, ''),
(42, 134, NULL, ''),
(43, 134, NULL, ''),
(1, 135, NULL, '192.168.6.24'),
(2, 135, NULL, 'public'),
(3, 135, NULL, ''),
(4, 135, NULL, ''),
(5, 135, NULL, '1'),
(6, 135, '', '.1.3.6.1.2.1.25.1.6.0'),
(40, 135, NULL, '161'),
(41, 135, NULL, ''),
(42, 135, NULL, ''),
(43, 135, NULL, ''),
(37, 136, '', '18'),
(36, 136, '', 'C: Label:  Serial Number 3c423b82'),
(35, 136, '', 'hrStorageDescr'),
(37, 137, '', '18'),
(36, 137, '', 'D: Label:  Serial Number f4dd9d35'),
(35, 137, '', 'hrStorageDescr'),
(37, 138, '', '18'),
(36, 138, '', 'E: Label:  Serial Number c4481a6e'),
(35, 138, '', 'hrStorageDescr'),
(37, 139, '', '18'),
(36, 139, '', 'Virtual Memory'),
(35, 139, '', 'hrStorageDescr'),
(37, 140, '', '19'),
(36, 140, '', '0'),
(35, 140, '', 'hrProcessorFrwID'),
(37, 141, '', '19'),
(36, 141, '', '1'),
(35, 141, '', 'hrProcessorFrwID'),
(14, 142, '', '13'),
(13, 142, '', 'Realtek RTL8139/810x Family Fast Ethernet NIC -'),
(12, 142, '', 'ifDescr'),
(7, 142, NULL, '192.168.6.24'),
(8, 142, NULL, 'public'),
(9, 142, NULL, ''),
(10, 142, NULL, ''),
(11, 142, NULL, '1'),
(39, 142, NULL, '161'),
(44, 142, NULL, ''),
(45, 142, NULL, ''),
(46, 142, NULL, ''),
(1, 143, NULL, '192.168.6.25'),
(2, 143, NULL, 'public'),
(3, 143, NULL, ''),
(4, 143, NULL, ''),
(5, 143, NULL, '1'),
(6, 143, '', '.1.3.6.1.2.1.25.1.5.0'),
(40, 143, NULL, '161'),
(41, 143, NULL, ''),
(42, 143, NULL, ''),
(43, 143, NULL, ''),
(1, 144, NULL, '192.168.6.25'),
(2, 144, NULL, 'public'),
(3, 144, NULL, ''),
(4, 144, NULL, ''),
(5, 144, NULL, '1'),
(6, 144, '', '.1.3.6.1.2.1.25.1.6.0'),
(40, 144, NULL, '161'),
(41, 144, NULL, ''),
(42, 144, NULL, ''),
(43, 144, NULL, ''),
(37, 145, '', '18'),
(36, 145, '', 'C: Label:  Serial Number 8c686106'),
(35, 145, '', 'hrStorageDescr'),
(37, 146, '', '18'),
(36, 146, '', 'D: Label:  Serial Number 83f59ed'),
(35, 146, '', 'hrStorageDescr'),
(37, 147, '', '18'),
(36, 147, '', 'E: Label:  Serial Number 1c481b1e'),
(35, 147, '', 'hrStorageDescr'),
(37, 148, '', '18'),
(36, 148, '', 'Virtual Memory'),
(35, 148, '', 'hrStorageDescr'),
(37, 149, '', '19'),
(36, 149, '', '0'),
(35, 149, '', 'hrProcessorFrwID'),
(37, 150, '', '19'),
(36, 150, '', '1'),
(35, 150, '', 'hrProcessorFrwID'),
(14, 151, '', '13'),
(13, 151, '', 'Marvell Yukon 88E8056 PCI-E Gigabit Ethernet Controller -'),
(12, 151, '', 'ifDescr'),
(7, 151, NULL, '192.168.6.25'),
(8, 151, NULL, 'public'),
(9, 151, NULL, ''),
(10, 151, NULL, ''),
(11, 151, NULL, '1'),
(39, 151, NULL, '161'),
(44, 151, NULL, ''),
(45, 151, NULL, ''),
(46, 151, NULL, ''),
(1, 152, NULL, '192.168.6.26'),
(2, 152, NULL, 'public'),
(3, 152, NULL, ''),
(4, 152, NULL, ''),
(5, 152, NULL, '1'),
(6, 152, '', '.1.3.6.1.2.1.25.1.5.0'),
(40, 152, NULL, '161'),
(41, 152, NULL, ''),
(42, 152, NULL, ''),
(43, 152, NULL, ''),
(1, 153, NULL, '192.168.6.26'),
(2, 153, NULL, 'public'),
(3, 153, NULL, ''),
(4, 153, NULL, ''),
(5, 153, NULL, '1'),
(6, 153, '', '.1.3.6.1.2.1.25.1.6.0'),
(40, 153, NULL, '161'),
(41, 153, NULL, ''),
(42, 153, NULL, ''),
(43, 153, NULL, ''),
(37, 154, '', '18'),
(36, 154, '', 'C: Label:  Serial Number 746c57f3'),
(35, 154, '', 'hrStorageDescr'),
(37, 155, '', '18'),
(36, 155, '', 'D: Label:  Serial Number 9418c386'),
(35, 155, '', 'hrStorageDescr'),
(37, 156, '', '18'),
(36, 156, '', 'E: Label:  Serial Number 9cd62944'),
(35, 156, '', 'hrStorageDescr'),
(37, 157, '', '18'),
(36, 157, '', 'F: Label:  Serial Number e473e43e'),
(35, 157, '', 'hrStorageDescr'),
(37, 158, '', '18'),
(36, 158, '', 'Virtual Memory'),
(35, 158, '', 'hrStorageDescr'),
(37, 159, '', '19'),
(36, 159, '', '0'),
(35, 159, '', 'hrProcessorFrwID'),
(37, 160, '', '19'),
(36, 160, '', '1'),
(35, 160, '', 'hrProcessorFrwID'),
(14, 161, '', '13'),
(13, 161, '', 'Realtek PCIe FE Family Controller -'),
(12, 161, '', 'ifDescr'),
(7, 161, NULL, '192.168.6.26'),
(8, 161, NULL, 'public'),
(9, 161, NULL, ''),
(10, 161, NULL, ''),
(11, 161, NULL, '1'),
(39, 161, NULL, '161'),
(44, 161, NULL, ''),
(45, 161, NULL, ''),
(46, 161, NULL, ''),
(37, 162, '', '18'),
(36, 162, '', ''),
(35, 162, '', ''),
(37, 163, '', '18'),
(36, 163, '', ''),
(35, 163, '', ''),
(37, 164, '', '18'),
(36, 164, '', ''),
(35, 164, '', ''),
(14, 165, '', '13'),
(13, 165, '', 'MS TCP Loopback interface'),
(12, 165, '', 'ifDescr'),
(7, 165, NULL, '192.168.6.21'),
(8, 165, NULL, 'public'),
(9, 165, NULL, ''),
(10, 165, NULL, ''),
(11, 165, NULL, '1'),
(39, 165, NULL, '161'),
(44, 165, NULL, 'MD5'),
(45, 165, NULL, ''),
(46, 165, NULL, 'DES'),
(1, 166, NULL, '192.168.6.21'),
(2, 166, NULL, 'public'),
(3, 166, NULL, ''),
(4, 166, NULL, ''),
(5, 166, NULL, '2'),
(6, 166, '', '.1.3.6.1.4.1.9.2.1.58.0'),
(40, 166, NULL, '161'),
(41, 166, NULL, ''),
(42, 166, NULL, ''),
(43, 166, NULL, ''),
(1, 167, NULL, '192.168.6.21'),
(2, 167, NULL, 'public'),
(3, 167, NULL, ''),
(4, 167, NULL, ''),
(5, 167, NULL, '2'),
(6, 167, '', '.1.3.6.1.2.1.25.1.5.0'),
(40, 167, NULL, '161'),
(41, 167, NULL, ''),
(42, 167, NULL, ''),
(43, 167, NULL, ''),
(22, 168, '', 'MemFree:'),
(22, 169, '', 'SwapFree:'),
(1, 170, NULL, '192.168.6.21'),
(5, 170, NULL, '1'),
(4, 170, NULL, ''),
(3, 170, NULL, ''),
(2, 170, NULL, 'public'),
(6, 170, '', '.1.3.6.1.4.1.2021.11.51.0'),
(1, 171, NULL, '192.168.6.21'),
(2, 171, NULL, 'public'),
(3, 171, NULL, ''),
(4, 171, NULL, ''),
(5, 171, NULL, '1'),
(6, 171, '', '.1.3.6.1.4.1.2021.11.52.0'),
(1, 172, NULL, '192.168.6.21'),
(2, 172, NULL, 'public'),
(3, 172, NULL, ''),
(4, 172, NULL, ''),
(5, 172, NULL, '1'),
(6, 172, '', '.1.3.6.1.4.1.2021.11.50.0'),
(40, 170, NULL, '161'),
(41, 170, NULL, ''),
(42, 170, NULL, ''),
(43, 170, NULL, ''),
(40, 171, NULL, '161'),
(41, 171, NULL, ''),
(42, 171, NULL, ''),
(43, 171, NULL, ''),
(40, 172, NULL, '161'),
(41, 172, NULL, ''),
(42, 172, NULL, ''),
(43, 172, NULL, ''),
(1, 173, NULL, '192.168.6.21'),
(2, 173, NULL, 'public'),
(3, 173, NULL, ''),
(4, 173, NULL, ''),
(5, 173, NULL, '1'),
(6, 173, '', '.1.3.6.1.4.1.2021.10.1.3.1'),
(1, 174, NULL, '192.168.6.21'),
(2, 174, NULL, 'public'),
(3, 174, NULL, ''),
(4, 174, NULL, ''),
(5, 174, NULL, '1'),
(6, 174, '', '.1.3.6.1.4.1.2021.10.1.3.3'),
(1, 175, NULL, '192.168.6.21'),
(2, 175, NULL, 'public'),
(3, 175, NULL, ''),
(4, 175, NULL, ''),
(5, 175, NULL, '1'),
(6, 175, '', '.1.3.6.1.4.1.2021.10.1.3.2'),
(40, 173, NULL, '161'),
(41, 173, NULL, ''),
(42, 173, NULL, ''),
(43, 173, NULL, ''),
(40, 174, NULL, '161'),
(41, 174, NULL, ''),
(42, 174, NULL, ''),
(43, 174, NULL, ''),
(40, 175, NULL, '161'),
(41, 175, NULL, ''),
(42, 175, NULL, ''),
(43, 175, NULL, ''),
(1, 176, NULL, '192.168.6.21'),
(2, 176, NULL, 'public'),
(3, 176, NULL, ''),
(4, 176, NULL, ''),
(5, 176, NULL, '1'),
(6, 176, '', '.1.3.6.1.4.1.2021.4.14.0'),
(1, 177, NULL, '192.168.6.21'),
(2, 177, NULL, 'public'),
(3, 177, NULL, ''),
(4, 177, NULL, ''),
(5, 177, NULL, '1'),
(6, 177, '', '.1.3.6.1.4.1.2021.4.15.0'),
(1, 178, NULL, '192.168.6.21'),
(2, 178, NULL, 'public'),
(3, 178, NULL, ''),
(4, 178, NULL, ''),
(5, 178, NULL, '2'),
(6, 178, '', '.1.3.6.1.4.1.2021.4.6.0'),
(40, 176, NULL, '161'),
(41, 176, NULL, ''),
(42, 176, NULL, ''),
(43, 176, NULL, ''),
(40, 177, NULL, '161'),
(41, 177, NULL, ''),
(42, 177, NULL, ''),
(43, 177, NULL, ''),
(40, 178, NULL, '161'),
(41, 178, NULL, ''),
(42, 178, NULL, ''),
(43, 178, NULL, ''),
(29, 179, NULL, '192.168.6.21'),
(37, 180, '', '18'),
(36, 180, '', ''),
(35, 180, '', ''),
(37, 181, '', '18'),
(36, 181, '', ''),
(35, 181, '', ''),
(37, 182, '', '18'),
(36, 182, '', ''),
(35, 182, '', ''),
(37, 183, '', '18'),
(36, 183, '', ''),
(35, 183, '', ''),
(37, 184, '', '19'),
(36, 184, '', '0'),
(35, 184, '', 'hrProcessorFrwID'),
(37, 185, '', '19'),
(36, 185, '', '1'),
(35, 185, '', 'hrProcessorFrwID'),
(14, 186, '', '13'),
(13, 186, '', 'Marvell Yukon 88E8056 PCI-E Gigabit Ethernet Controller -'),
(12, 186, '', 'ifDescr'),
(7, 186, NULL, '192.168.6.21'),
(8, 186, NULL, 'public'),
(9, 186, NULL, ''),
(10, 186, NULL, ''),
(11, 186, NULL, '2'),
(39, 186, NULL, '161'),
(44, 186, NULL, ''),
(45, 186, NULL, ''),
(46, 186, NULL, ''),
(33, 187, 'on', ''),
(32, 187, '', 'mb'),
(31, 187, 'on', ''),
(37, 188, '', '18'),
(36, 188, '', ''),
(35, 188, '', ''),
(37, 189, '', '18'),
(36, 189, '', ''),
(35, 189, '', ''),
(37, 190, '', '18'),
(36, 190, '', ''),
(35, 190, '', ''),
(1, 191, NULL, '192.168.6.29'),
(2, 191, NULL, 'public'),
(3, 191, NULL, ''),
(4, 191, NULL, ''),
(5, 191, NULL, '2'),
(6, 191, '', '.1.3.6.1.2.1.25.1.5.0'),
(40, 191, NULL, '161'),
(41, 191, NULL, ''),
(42, 191, NULL, ''),
(43, 191, NULL, ''),
(1, 192, NULL, '192.168.6.29'),
(2, 192, NULL, 'public'),
(3, 192, NULL, ''),
(4, 192, NULL, ''),
(5, 192, NULL, '2'),
(6, 192, '', '.1.3.6.1.2.1.25.1.6.0'),
(40, 192, NULL, '161'),
(41, 192, NULL, ''),
(42, 192, NULL, ''),
(43, 192, NULL, ''),
(37, 193, '', '18'),
(36, 193, '', 'C: Label:  Serial Number a01bbc03'),
(35, 193, '', 'hrStorageDescr'),
(37, 194, '', '18'),
(36, 194, '', 'D: Label:DISK1_VOL2  Serial Number 7c3b11ad'),
(35, 194, '', 'hrStorageDescr'),
(37, 195, '', '18'),
(36, 195, '', 'E: Label:DISK1_VOL3  Serial Number 7d645a7a'),
(35, 195, '', 'hrStorageDescr'),
(37, 196, '', '18'),
(36, 196, '', 'Virtual Memory'),
(35, 196, '', 'hrStorageDescr'),
(37, 197, '', '19'),
(36, 197, '', '0'),
(35, 197, '', 'hrProcessorFrwID'),
(37, 198, '', '19'),
(36, 198, '', '1'),
(35, 198, '', 'hrProcessorFrwID'),
(14, 199, '', '13'),
(13, 199, '', 'Realtek RTL8139 Family PCI Fast Ethernet NIC -'),
(12, 199, '', 'ifDescr'),
(7, 199, NULL, '192.168.6.29'),
(8, 199, NULL, 'public'),
(9, 199, NULL, ''),
(10, 199, NULL, ''),
(11, 199, NULL, '2'),
(39, 199, NULL, '161'),
(44, 199, NULL, ''),
(45, 199, NULL, ''),
(46, 199, NULL, ''),
(1, 200, NULL, '192.168.6.29'),
(2, 200, NULL, 'public'),
(3, 200, NULL, ''),
(4, 200, NULL, ''),
(5, 200, NULL, '1'),
(6, 200, '', '.1.3.6.1.2.1.25.1.5.0'),
(40, 200, NULL, '161'),
(41, 200, NULL, ''),
(42, 200, NULL, ''),
(43, 200, NULL, ''),
(1, 201, NULL, '192.168.6.29'),
(2, 201, NULL, 'public'),
(3, 201, NULL, ''),
(4, 201, NULL, ''),
(5, 201, NULL, '1'),
(6, 201, '', '.1.3.6.1.2.1.25.1.6.0'),
(40, 201, NULL, '161'),
(41, 201, NULL, ''),
(42, 201, NULL, ''),
(43, 201, NULL, ''),
(37, 202, '', '18'),
(36, 202, '', 'C: Label:  Serial Number a01bbc03'),
(35, 202, '', 'hrStorageDescr'),
(37, 203, '', '18'),
(36, 203, '', 'D: Label:DISK1_VOL2  Serial Number 7c3b11ad'),
(35, 203, '', 'hrStorageDescr'),
(37, 204, '', '18'),
(36, 204, '', 'E: Label:DISK1_VOL3  Serial Number 7d645a7a'),
(35, 204, '', 'hrStorageDescr'),
(37, 205, '', '18'),
(36, 205, '', 'F:'),
(35, 205, '', 'hrStorageDescr'),
(37, 206, '', '18'),
(36, 206, '', 'Virtual Memory'),
(35, 206, '', 'hrStorageDescr'),
(37, 207, '', '19'),
(36, 207, '', '0'),
(35, 207, '', 'hrProcessorFrwID'),
(37, 208, '', '19'),
(36, 208, '', '1'),
(35, 208, '', 'hrProcessorFrwID'),
(14, 209, '', '13'),
(13, 209, '', 'Realtek RTL8139 Family PCI Fast Ethernet NIC -'),
(12, 209, '', 'ifDescr'),
(7, 209, NULL, '192.168.6.29'),
(8, 209, NULL, 'public'),
(9, 209, NULL, ''),
(10, 209, NULL, ''),
(11, 209, NULL, '1'),
(39, 209, NULL, '161'),
(44, 209, NULL, ''),
(45, 209, NULL, ''),
(46, 209, NULL, ''),
(37, 210, '', '18'),
(36, 210, '', 'Physical memory'),
(35, 210, '', 'hrStorageDescr'),
(37, 211, '', '18'),
(36, 211, '', 'Virtual memory'),
(35, 211, '', 'hrStorageDescr'),
(37, 212, '', '18'),
(36, 212, '', 'Memory buffers'),
(35, 212, '', 'hrStorageDescr'),
(37, 213, '', '18'),
(36, 213, '', 'Cached memory'),
(35, 213, '', 'hrStorageDescr'),
(37, 214, '', '18'),
(36, 214, '', 'Swap space'),
(35, 214, '', 'hrStorageDescr'),
(37, 215, '', '18'),
(36, 215, '', '/'),
(35, 215, '', 'hrStorageDescr'),
(37, 216, '', '18'),
(36, 216, '', '/dev/shm'),
(35, 216, '', 'hrStorageDescr'),
(37, 217, '', '18'),
(36, 217, '', '/boot'),
(35, 217, '', 'hrStorageDescr'),
(37, 218, '', '18'),
(36, 218, '', '/home'),
(35, 218, '', 'hrStorageDescr'),
(37, 219, '', '18'),
(36, 219, '', '/home2'),
(35, 219, '', 'hrStorageDescr'),
(37, 220, '', '18'),
(36, 220, '', '/var'),
(35, 220, '', 'hrStorageDescr'),
(37, 221, '', '19'),
(36, 221, '', '0'),
(35, 221, '', 'hrProcessorFrwID'),
(37, 222, '', '19'),
(36, 222, '', '1'),
(35, 222, '', 'hrProcessorFrwID'),
(37, 223, '', '19'),
(36, 223, '', '2'),
(35, 223, '', 'hrProcessorFrwID'),
(37, 224, '', '19'),
(36, 224, '', '3'),
(35, 224, '', 'hrProcessorFrwID'),
(14, 225, '', '13'),
(13, 225, '', 'eth0'),
(12, 225, '', 'ifDescr'),
(7, 225, NULL, '127.0.0.1'),
(8, 225, NULL, 'public'),
(9, 225, NULL, ''),
(10, 225, NULL, ''),
(11, 225, NULL, '1'),
(39, 225, NULL, '161'),
(44, 225, NULL, 'MD5'),
(45, 225, NULL, ''),
(46, 225, NULL, 'DES'),
(14, 226, '', '13'),
(13, 226, '', 'eth1'),
(12, 226, '', 'ifDescr'),
(7, 226, NULL, '127.0.0.1'),
(8, 226, NULL, 'public'),
(9, 226, NULL, ''),
(10, 226, NULL, ''),
(11, 226, NULL, '1'),
(39, 226, NULL, '161'),
(44, 226, NULL, 'MD5'),
(45, 226, NULL, ''),
(46, 226, NULL, 'DES'),
(1, 227, NULL, '192.168.6.21'),
(2, 227, NULL, 'public'),
(3, 227, NULL, ''),
(4, 227, NULL, ''),
(5, 227, NULL, '1'),
(6, 227, '', '.1.3.6.1.2.1.25.1.5.0'),
(40, 227, NULL, '161'),
(41, 227, NULL, ''),
(42, 227, NULL, ''),
(43, 227, NULL, ''),
(1, 243, NULL, '192.168.6.21'),
(2, 243, NULL, 'public'),
(3, 243, NULL, ''),
(4, 243, NULL, ''),
(5, 243, NULL, '1'),
(6, 243, '', '.1.3.6.1.4.1.9.2.1.58.0'),
(40, 243, NULL, '161'),
(41, 243, NULL, ''),
(42, 243, NULL, ''),
(43, 243, NULL, ''),
(1, 244, NULL, '192.168.6.21'),
(2, 244, NULL, 'public'),
(3, 244, NULL, ''),
(4, 244, NULL, ''),
(5, 244, NULL, '1'),
(6, 244, '', '.1.3.6.1.2.1.25.1.6.0'),
(40, 244, NULL, '161'),
(41, 244, NULL, ''),
(42, 244, NULL, ''),
(43, 244, NULL, ''),
(1, 245, NULL, '192.168.6.21'),
(2, 245, NULL, 'public'),
(3, 245, NULL, ''),
(4, 245, NULL, ''),
(5, 245, NULL, '1'),
(6, 245, '', '.1.3.6.1.4.1.23.2.28.3.2.0'),
(40, 245, NULL, '161'),
(41, 245, NULL, ''),
(42, 245, NULL, ''),
(43, 245, NULL, ''),
(29, 246, NULL, '192.168.6.21'),
(22, 247, '', 'MemFree:'),
(22, 248, '', 'SwapFree:'),
(1, 282, NULL, '192.168.6.22'),
(5, 282, NULL, '1'),
(4, 282, NULL, ''),
(3, 282, NULL, ''),
(2, 282, NULL, 'public'),
(6, 282, '', '.1.3.6.1.4.1.2021.11.51.0'),
(1, 283, NULL, '192.168.6.22'),
(2, 283, NULL, 'public'),
(3, 283, NULL, ''),
(4, 283, NULL, ''),
(5, 283, NULL, '1'),
(6, 283, '', '.1.3.6.1.4.1.2021.11.52.0'),
(1, 284, NULL, '192.168.6.22'),
(2, 284, NULL, 'public'),
(3, 284, NULL, ''),
(4, 284, NULL, ''),
(5, 284, NULL, '1'),
(6, 284, '', '.1.3.6.1.4.1.2021.11.50.0'),
(40, 282, NULL, '161'),
(41, 282, NULL, ''),
(42, 282, NULL, ''),
(43, 282, NULL, ''),
(40, 283, NULL, '161'),
(41, 283, NULL, ''),
(42, 283, NULL, ''),
(43, 283, NULL, ''),
(40, 284, NULL, '161'),
(41, 284, NULL, ''),
(42, 284, NULL, ''),
(43, 284, NULL, ''),
(1, 285, NULL, '192.168.6.22'),
(2, 285, NULL, 'public'),
(3, 285, NULL, ''),
(4, 285, NULL, ''),
(5, 285, NULL, '1'),
(6, 285, '', '.1.3.6.1.4.1.2021.10.1.3.1'),
(1, 286, NULL, '192.168.6.22'),
(2, 286, NULL, 'public'),
(3, 286, NULL, ''),
(4, 286, NULL, ''),
(5, 286, NULL, '1'),
(6, 286, '', '.1.3.6.1.4.1.2021.10.1.3.3'),
(1, 287, NULL, '192.168.6.22'),
(2, 287, NULL, 'public'),
(3, 287, NULL, ''),
(4, 287, NULL, ''),
(5, 287, NULL, '1'),
(6, 287, '', '.1.3.6.1.4.1.2021.10.1.3.2'),
(40, 285, NULL, '161'),
(41, 285, NULL, ''),
(42, 285, NULL, ''),
(43, 285, NULL, ''),
(40, 286, NULL, '161'),
(41, 286, NULL, ''),
(42, 286, NULL, ''),
(43, 286, NULL, ''),
(40, 287, NULL, '161'),
(41, 287, NULL, ''),
(42, 287, NULL, ''),
(43, 287, NULL, ''),
(1, 288, NULL, '192.168.6.22'),
(2, 288, NULL, 'public'),
(3, 288, NULL, ''),
(4, 288, NULL, ''),
(5, 288, NULL, '1'),
(6, 288, '', '.1.3.6.1.4.1.2021.4.14.0'),
(1, 289, NULL, '192.168.6.22'),
(2, 289, NULL, 'public'),
(3, 289, NULL, ''),
(4, 289, NULL, ''),
(5, 289, NULL, '1'),
(6, 289, '', '.1.3.6.1.4.1.2021.4.15.0'),
(1, 290, NULL, '192.168.6.22'),
(2, 290, NULL, 'public'),
(3, 290, NULL, ''),
(4, 290, NULL, ''),
(5, 290, NULL, '1'),
(6, 290, '', '.1.3.6.1.4.1.2021.4.6.0'),
(40, 288, NULL, '161'),
(41, 288, NULL, ''),
(42, 288, NULL, ''),
(43, 288, NULL, ''),
(40, 289, NULL, '161'),
(41, 289, NULL, ''),
(42, 289, NULL, ''),
(43, 289, NULL, ''),
(40, 290, NULL, '161'),
(41, 290, NULL, ''),
(42, 290, NULL, ''),
(43, 290, NULL, ''),
(1, 291, NULL, '192.168.6.24'),
(5, 291, NULL, '1'),
(4, 291, NULL, ''),
(3, 291, NULL, ''),
(2, 291, NULL, 'public'),
(6, 291, '', '.1.3.6.1.4.1.2021.11.51.0'),
(1, 292, NULL, '192.168.6.24'),
(2, 292, NULL, 'public'),
(3, 292, NULL, ''),
(4, 292, NULL, ''),
(5, 292, NULL, '1'),
(6, 292, '', '.1.3.6.1.4.1.2021.11.52.0'),
(1, 293, NULL, '192.168.6.24'),
(2, 293, NULL, 'public'),
(3, 293, NULL, ''),
(4, 293, NULL, ''),
(5, 293, NULL, '1'),
(6, 293, '', '.1.3.6.1.4.1.2021.11.50.0'),
(40, 291, NULL, '161'),
(41, 291, NULL, ''),
(42, 291, NULL, ''),
(43, 291, NULL, ''),
(40, 292, NULL, '161'),
(41, 292, NULL, ''),
(42, 292, NULL, ''),
(43, 292, NULL, ''),
(40, 293, NULL, '161'),
(41, 293, NULL, ''),
(42, 293, NULL, ''),
(43, 293, NULL, ''),
(1, 294, NULL, '192.168.6.24'),
(2, 294, NULL, 'public'),
(3, 294, NULL, ''),
(4, 294, NULL, ''),
(5, 294, NULL, '1'),
(6, 294, '', '.1.3.6.1.4.1.2021.4.14.0'),
(1, 295, NULL, '192.168.6.24'),
(2, 295, NULL, 'public'),
(3, 295, NULL, ''),
(4, 295, NULL, ''),
(5, 295, NULL, '1'),
(6, 295, '', '.1.3.6.1.4.1.2021.4.15.0'),
(1, 296, NULL, '192.168.6.24'),
(2, 296, NULL, 'public'),
(3, 296, NULL, ''),
(4, 296, NULL, ''),
(5, 296, NULL, '1'),
(6, 296, '', '.1.3.6.1.4.1.2021.4.6.0'),
(40, 294, NULL, '161'),
(41, 294, NULL, ''),
(42, 294, NULL, ''),
(43, 294, NULL, ''),
(40, 295, NULL, '161'),
(41, 295, NULL, ''),
(42, 295, NULL, ''),
(43, 295, NULL, ''),
(40, 296, NULL, '161'),
(41, 296, NULL, ''),
(42, 296, NULL, ''),
(43, 296, NULL, ''),
(1, 298, NULL, '192.168.6.23'),
(2, 298, NULL, 'public'),
(3, 298, NULL, ''),
(4, 298, NULL, ''),
(5, 298, NULL, '1'),
(6, 298, '', '.1.3.6.1.2.1.25.1.6.0'),
(40, 298, NULL, '161'),
(41, 298, NULL, ''),
(42, 298, NULL, ''),
(43, 298, NULL, ''),
(22, 299, '', 'MemFree:'),
(22, 300, '', 'SwapFree:'),
(1, 302, NULL, '192.168.6.25'),
(5, 302, NULL, '1'),
(4, 302, NULL, ''),
(3, 302, NULL, ''),
(2, 302, NULL, 'public'),
(6, 302, '', '.1.3.6.1.4.1.2021.11.51.0'),
(1, 303, NULL, '192.168.6.25'),
(2, 303, NULL, 'public'),
(3, 303, NULL, ''),
(4, 303, NULL, ''),
(5, 303, NULL, '1'),
(6, 303, '', '.1.3.6.1.4.1.2021.11.52.0'),
(1, 304, NULL, '192.168.6.25'),
(2, 304, NULL, 'public'),
(3, 304, NULL, ''),
(4, 304, NULL, ''),
(5, 304, NULL, '1'),
(6, 304, '', '.1.3.6.1.4.1.2021.11.50.0'),
(40, 302, NULL, '161'),
(41, 302, NULL, ''),
(42, 302, NULL, ''),
(43, 302, NULL, ''),
(40, 303, NULL, '161'),
(41, 303, NULL, ''),
(42, 303, NULL, ''),
(43, 303, NULL, ''),
(40, 304, NULL, '161'),
(41, 304, NULL, ''),
(42, 304, NULL, ''),
(43, 304, NULL, ''),
(1, 305, NULL, '192.168.6.25'),
(2, 305, NULL, 'public'),
(3, 305, NULL, ''),
(4, 305, NULL, ''),
(5, 305, NULL, '1'),
(6, 305, '', '.1.3.6.1.4.1.2021.4.14.0'),
(1, 306, NULL, '192.168.6.25'),
(2, 306, NULL, 'public'),
(3, 306, NULL, ''),
(4, 306, NULL, ''),
(5, 306, NULL, '1'),
(6, 306, '', '.1.3.6.1.4.1.2021.4.15.0'),
(1, 307, NULL, '192.168.6.25'),
(2, 307, NULL, 'public'),
(3, 307, NULL, ''),
(4, 307, NULL, ''),
(5, 307, NULL, '1'),
(6, 307, '', '.1.3.6.1.4.1.2021.4.6.0'),
(40, 305, NULL, '161'),
(41, 305, NULL, ''),
(42, 305, NULL, ''),
(43, 305, NULL, ''),
(40, 306, NULL, '161'),
(41, 306, NULL, ''),
(42, 306, NULL, ''),
(43, 306, NULL, ''),
(40, 307, NULL, '161'),
(41, 307, NULL, ''),
(42, 307, NULL, ''),
(43, 307, NULL, ''),
(1, 309, NULL, '192.168.6.26'),
(5, 309, NULL, '1'),
(4, 309, NULL, ''),
(3, 309, NULL, ''),
(2, 309, NULL, 'public'),
(6, 309, '', '.1.3.6.1.4.1.2021.11.51.0'),
(1, 310, NULL, '192.168.6.26'),
(2, 310, NULL, 'public'),
(3, 310, NULL, ''),
(4, 310, NULL, ''),
(5, 310, NULL, '1'),
(6, 310, '', '.1.3.6.1.4.1.2021.11.52.0'),
(1, 311, NULL, '192.168.6.26'),
(2, 311, NULL, 'public'),
(3, 311, NULL, ''),
(4, 311, NULL, ''),
(5, 311, NULL, '1'),
(6, 311, '', '.1.3.6.1.4.1.2021.11.50.0'),
(40, 309, NULL, '161'),
(41, 309, NULL, ''),
(42, 309, NULL, ''),
(43, 309, NULL, ''),
(40, 310, NULL, '161'),
(41, 310, NULL, ''),
(42, 310, NULL, ''),
(43, 310, NULL, ''),
(40, 311, NULL, '161'),
(41, 311, NULL, ''),
(42, 311, NULL, ''),
(43, 311, NULL, ''),
(1, 312, NULL, '192.168.6.26'),
(2, 312, NULL, 'public'),
(3, 312, NULL, ''),
(4, 312, NULL, ''),
(5, 312, NULL, '1'),
(6, 312, '', '.1.3.6.1.4.1.2021.4.14.0'),
(1, 313, NULL, '192.168.6.26'),
(2, 313, NULL, 'public'),
(3, 313, NULL, ''),
(4, 313, NULL, ''),
(5, 313, NULL, '1'),
(6, 313, '', '.1.3.6.1.4.1.2021.4.15.0'),
(1, 314, NULL, '192.168.6.26'),
(2, 314, NULL, 'public'),
(3, 314, NULL, ''),
(4, 314, NULL, ''),
(5, 314, NULL, '1'),
(6, 314, '', '.1.3.6.1.4.1.2021.4.6.0'),
(40, 312, NULL, '161'),
(41, 312, NULL, ''),
(42, 312, NULL, ''),
(43, 312, NULL, ''),
(40, 313, NULL, '161'),
(41, 313, NULL, ''),
(42, 313, NULL, ''),
(43, 313, NULL, ''),
(40, 314, NULL, '161'),
(41, 314, NULL, ''),
(42, 314, NULL, ''),
(43, 314, NULL, ''),
(1, 316, NULL, '192.168.6.27'),
(5, 316, NULL, '1'),
(4, 316, NULL, ''),
(3, 316, NULL, ''),
(2, 316, NULL, 'public'),
(6, 316, '', '.1.3.6.1.4.1.2021.11.51.0'),
(1, 317, NULL, '192.168.6.27'),
(2, 317, NULL, 'public'),
(3, 317, NULL, ''),
(4, 317, NULL, ''),
(5, 317, NULL, '1'),
(6, 317, '', '.1.3.6.1.4.1.2021.11.52.0'),
(1, 318, NULL, '192.168.6.27'),
(2, 318, NULL, 'public'),
(3, 318, NULL, ''),
(4, 318, NULL, ''),
(5, 318, NULL, '1'),
(6, 318, '', '.1.3.6.1.4.1.2021.11.50.0'),
(40, 316, NULL, '161'),
(41, 316, NULL, ''),
(42, 316, NULL, ''),
(43, 316, NULL, ''),
(40, 317, NULL, '161'),
(41, 317, NULL, ''),
(42, 317, NULL, ''),
(43, 317, NULL, ''),
(40, 318, NULL, '161'),
(41, 318, NULL, ''),
(42, 318, NULL, ''),
(43, 318, NULL, ''),
(1, 319, NULL, '192.168.6.27'),
(2, 319, NULL, 'public'),
(3, 319, NULL, ''),
(4, 319, NULL, ''),
(5, 319, NULL, '1'),
(6, 319, '', '.1.3.6.1.4.1.2021.4.14.0'),
(1, 320, NULL, '192.168.6.27'),
(2, 320, NULL, 'public'),
(3, 320, NULL, ''),
(4, 320, NULL, ''),
(5, 320, NULL, '1'),
(6, 320, '', '.1.3.6.1.4.1.2021.4.15.0'),
(1, 321, NULL, '192.168.6.27'),
(2, 321, NULL, 'public'),
(3, 321, NULL, ''),
(4, 321, NULL, ''),
(5, 321, NULL, '1'),
(6, 321, '', '.1.3.6.1.4.1.2021.4.6.0'),
(40, 319, NULL, '161'),
(41, 319, NULL, ''),
(42, 319, NULL, ''),
(43, 319, NULL, ''),
(40, 320, NULL, '161'),
(41, 320, NULL, ''),
(42, 320, NULL, ''),
(43, 320, NULL, ''),
(40, 321, NULL, '161'),
(41, 321, NULL, ''),
(42, 321, NULL, ''),
(43, 321, NULL, ''),
(1, 323, NULL, '192.168.6.28'),
(5, 323, NULL, '1'),
(4, 323, NULL, ''),
(3, 323, NULL, ''),
(2, 323, NULL, 'public'),
(6, 323, '', '.1.3.6.1.4.1.2021.11.51.0'),
(1, 324, NULL, '192.168.6.28'),
(2, 324, NULL, 'public'),
(3, 324, NULL, ''),
(4, 324, NULL, ''),
(5, 324, NULL, '1'),
(6, 324, '', '.1.3.6.1.4.1.2021.11.52.0'),
(1, 325, NULL, '192.168.6.28'),
(2, 325, NULL, 'public'),
(3, 325, NULL, ''),
(4, 325, NULL, ''),
(5, 325, NULL, '1'),
(6, 325, '', '.1.3.6.1.4.1.2021.11.50.0'),
(40, 323, NULL, '161'),
(41, 323, NULL, ''),
(42, 323, NULL, ''),
(43, 323, NULL, ''),
(40, 324, NULL, '161'),
(41, 324, NULL, ''),
(42, 324, NULL, ''),
(43, 324, NULL, ''),
(40, 325, NULL, '161'),
(41, 325, NULL, ''),
(42, 325, NULL, ''),
(43, 325, NULL, ''),
(1, 326, NULL, '192.168.6.28'),
(2, 326, NULL, 'public'),
(3, 326, NULL, ''),
(4, 326, NULL, ''),
(5, 326, NULL, '1'),
(6, 326, '', '.1.3.6.1.4.1.2021.4.14.0'),
(1, 327, NULL, '192.168.6.28'),
(2, 327, NULL, 'public'),
(3, 327, NULL, ''),
(4, 327, NULL, ''),
(5, 327, NULL, '1'),
(6, 327, '', '.1.3.6.1.4.1.2021.4.15.0'),
(1, 328, NULL, '192.168.6.28'),
(2, 328, NULL, 'public'),
(3, 328, NULL, ''),
(4, 328, NULL, ''),
(5, 328, NULL, '1'),
(6, 328, '', '.1.3.6.1.4.1.2021.4.6.0'),
(40, 326, NULL, '161'),
(41, 326, NULL, ''),
(42, 326, NULL, ''),
(43, 326, NULL, ''),
(40, 327, NULL, '161'),
(41, 327, NULL, ''),
(42, 327, NULL, ''),
(43, 327, NULL, ''),
(40, 328, NULL, '161'),
(41, 328, NULL, ''),
(42, 328, NULL, ''),
(43, 328, NULL, ''),
(1, 330, NULL, '192.168.6.29'),
(5, 330, NULL, '1'),
(4, 330, NULL, ''),
(3, 330, NULL, ''),
(2, 330, NULL, 'public'),
(6, 330, '', '.1.3.6.1.4.1.2021.11.51.0'),
(1, 331, NULL, '192.168.6.29'),
(2, 331, NULL, 'public'),
(3, 331, NULL, ''),
(4, 331, NULL, ''),
(5, 331, NULL, '1'),
(6, 331, '', '.1.3.6.1.4.1.2021.11.52.0'),
(1, 332, NULL, '192.168.6.29'),
(2, 332, NULL, 'public'),
(3, 332, NULL, ''),
(4, 332, NULL, ''),
(5, 332, NULL, '1'),
(6, 332, '', '.1.3.6.1.4.1.2021.11.50.0'),
(40, 330, NULL, '161'),
(41, 330, NULL, ''),
(42, 330, NULL, ''),
(43, 330, NULL, ''),
(40, 331, NULL, '161'),
(41, 331, NULL, ''),
(42, 331, NULL, ''),
(43, 331, NULL, ''),
(40, 332, NULL, '161'),
(41, 332, NULL, ''),
(42, 332, NULL, ''),
(43, 332, NULL, ''),
(1, 333, NULL, '192.168.6.29'),
(2, 333, NULL, 'public'),
(3, 333, NULL, ''),
(4, 333, NULL, ''),
(5, 333, NULL, '1'),
(6, 333, '', '.1.3.6.1.4.1.2021.4.14.0'),
(1, 334, NULL, '192.168.6.29'),
(2, 334, NULL, 'public'),
(3, 334, NULL, ''),
(4, 334, NULL, ''),
(5, 334, NULL, '1'),
(6, 334, '', '.1.3.6.1.4.1.2021.4.15.0'),
(1, 335, NULL, '192.168.6.29'),
(2, 335, NULL, 'public'),
(3, 335, NULL, ''),
(4, 335, NULL, ''),
(5, 335, NULL, '1'),
(6, 335, '', '.1.3.6.1.4.1.2021.4.6.0'),
(40, 333, NULL, '161'),
(41, 333, NULL, ''),
(42, 333, NULL, ''),
(43, 333, NULL, ''),
(40, 334, NULL, '161'),
(41, 334, NULL, ''),
(42, 334, NULL, ''),
(43, 334, NULL, ''),
(40, 335, NULL, '161'),
(41, 335, NULL, ''),
(42, 335, NULL, ''),
(43, 335, NULL, ''),
(1, 337, NULL, '192.168.6.2'),
(2, 337, NULL, 'public'),
(3, 337, NULL, ''),
(4, 337, NULL, ''),
(5, 337, NULL, '1'),
(6, 337, '', '.1.3.6.1.2.1.25.1.5.0'),
(40, 337, NULL, '161'),
(41, 337, NULL, ''),
(42, 337, NULL, ''),
(43, 337, NULL, ''),
(1, 338, NULL, '192.168.6.2'),
(2, 338, NULL, 'public'),
(3, 338, NULL, ''),
(4, 338, NULL, ''),
(5, 338, NULL, '1'),
(6, 338, '', '.1.3.6.1.2.1.25.1.6.0'),
(40, 338, NULL, '161'),
(41, 338, NULL, ''),
(42, 338, NULL, ''),
(43, 338, NULL, ''),
(37, 339, '', '18'),
(36, 339, '', 'C: Label:  Serial Number 400dc0c2'),
(35, 339, '', 'hrStorageDescr'),
(37, 340, '', '18'),
(36, 340, '', 'D:'),
(35, 340, '', 'hrStorageDescr'),
(37, 341, '', '18'),
(36, 341, '', 'E: Label:        Serial Number 909152d5'),
(35, 341, '', 'hrStorageDescr'),
(37, 342, '', '18'),
(36, 342, '', 'F:'),
(35, 342, '', 'hrStorageDescr'),
(37, 343, '', '18'),
(36, 343, '', 'Virtual Memory'),
(35, 343, '', 'hrStorageDescr'),
(37, 344, '', '18'),
(36, 344, '', 'Physical Memory'),
(35, 344, '', 'hrStorageDescr'),
(37, 345, '', '19'),
(36, 345, '', '0'),
(35, 345, '', 'hrProcessorFrwID'),
(37, 346, '', '19'),
(36, 346, '', '1'),
(35, 346, '', 'hrProcessorFrwID'),
(37, 347, '', '19'),
(36, 347, '', '2'),
(35, 347, '', 'hrProcessorFrwID'),
(37, 348, '', '19'),
(36, 348, '', '3'),
(35, 348, '', 'hrProcessorFrwID'),
(37, 349, '', '19'),
(36, 349, '', '4'),
(35, 349, '', 'hrProcessorFrwID'),
(37, 350, '', '19'),
(36, 350, '', '5'),
(35, 350, '', 'hrProcessorFrwID'),
(37, 351, '', '19'),
(36, 351, '', '6'),
(35, 351, '', 'hrProcessorFrwID'),
(37, 352, '', '19'),
(36, 352, '', '7'),
(35, 352, '', 'hrProcessorFrwID'),
(37, 353, '', '19'),
(36, 353, '', '8'),
(35, 353, '', 'hrProcessorFrwID'),
(37, 354, '', '19'),
(36, 354, '', '9'),
(35, 354, '', 'hrProcessorFrwID'),
(37, 355, '', '19'),
(36, 355, '', '10'),
(35, 355, '', 'hrProcessorFrwID'),
(37, 356, '', '19'),
(36, 356, '', '11'),
(35, 356, '', 'hrProcessorFrwID'),
(37, 357, '', '19'),
(36, 357, '', '12'),
(35, 357, '', 'hrProcessorFrwID'),
(37, 358, '', '19'),
(36, 358, '', '13'),
(35, 358, '', 'hrProcessorFrwID'),
(37, 359, '', '19'),
(36, 359, '', '14'),
(35, 359, '', 'hrProcessorFrwID'),
(37, 360, '', '19'),
(36, 360, '', '15'),
(35, 360, '', 'hrProcessorFrwID'),
(37, 361, '', '19'),
(36, 361, '', '16'),
(35, 361, '', 'hrProcessorFrwID'),
(37, 362, '', '19'),
(36, 362, '', '17'),
(35, 362, '', 'hrProcessorFrwID'),
(37, 363, '', '19'),
(36, 363, '', '18'),
(35, 363, '', 'hrProcessorFrwID'),
(37, 364, '', '19'),
(36, 364, '', '19'),
(35, 364, '', 'hrProcessorFrwID'),
(37, 365, '', '19'),
(36, 365, '', '20'),
(35, 365, '', 'hrProcessorFrwID'),
(37, 366, '', '19'),
(36, 366, '', '21'),
(35, 366, '', 'hrProcessorFrwID'),
(37, 367, '', '19'),
(36, 367, '', '22'),
(35, 367, '', 'hrProcessorFrwID'),
(37, 368, '', '19'),
(36, 368, '', '23'),
(35, 368, '', 'hrProcessorFrwID'),
(37, 369, '', '19'),
(36, 369, '', '24'),
(35, 369, '', 'hrProcessorFrwID'),
(37, 370, '', '19'),
(36, 370, '', '25'),
(35, 370, '', 'hrProcessorFrwID'),
(37, 371, '', '19'),
(36, 371, '', '26'),
(35, 371, '', 'hrProcessorFrwID'),
(37, 372, '', '19'),
(36, 372, '', '27'),
(35, 372, '', 'hrProcessorFrwID'),
(37, 373, '', '19'),
(36, 373, '', '28'),
(35, 373, '', 'hrProcessorFrwID'),
(37, 374, '', '19'),
(36, 374, '', '29'),
(35, 374, '', 'hrProcessorFrwID'),
(14, 375, '', '13'),
(13, 375, '', 'MS TCP Loopback interface'),
(12, 375, '', 'ifDescr'),
(7, 375, NULL, '192.168.6.2'),
(8, 375, NULL, 'public'),
(9, 375, NULL, ''),
(10, 375, NULL, ''),
(11, 375, NULL, '1'),
(39, 375, NULL, '161'),
(44, 375, NULL, ''),
(45, 375, NULL, ''),
(46, 375, NULL, ''),
(14, 376, '', '13'),
(13, 376, '', 'VMware Virtual Ethernet Adapter for VMnet8'),
(12, 376, '', 'ifDescr'),
(7, 376, NULL, '192.168.6.2'),
(8, 376, NULL, 'public'),
(9, 376, NULL, ''),
(10, 376, NULL, ''),
(11, 376, NULL, '1'),
(39, 376, NULL, '161'),
(44, 376, NULL, ''),
(45, 376, NULL, ''),
(46, 376, NULL, ''),
(14, 377, '', '13'),
(13, 377, '', 'VMware Virtual Ethernet Adapter for VMnet1'),
(12, 377, '', 'ifDescr'),
(7, 377, NULL, '192.168.6.2'),
(8, 377, NULL, 'public'),
(9, 377, NULL, ''),
(10, 377, NULL, ''),
(11, 377, NULL, '1'),
(39, 377, NULL, '161'),
(44, 377, NULL, ''),
(45, 377, NULL, ''),
(46, 377, NULL, ''),
(14, 378, '', '13'),
(13, 378, '', 'HP NC375i Integrated Quad Port Multifunction Gigabit Server Adapter #4'),
(12, 378, '', 'ifDescr'),
(7, 378, NULL, '192.168.6.2'),
(8, 378, NULL, 'public'),
(9, 378, NULL, ''),
(10, 378, NULL, ''),
(11, 378, NULL, '1'),
(39, 378, NULL, '161'),
(44, 378, NULL, ''),
(45, 378, NULL, ''),
(46, 378, NULL, ''),
(14, 379, '', '13'),
(13, 379, '', 'HP NC375i Integrated Quad Port Multifunction Gigabit Server Adapter #3'),
(12, 379, '', 'ifDescr'),
(7, 379, NULL, '192.168.6.2'),
(8, 379, NULL, 'public'),
(9, 379, NULL, ''),
(10, 379, NULL, ''),
(11, 379, NULL, '1'),
(39, 379, NULL, '161'),
(44, 379, NULL, ''),
(45, 379, NULL, ''),
(46, 379, NULL, ''),
(14, 380, '', '13'),
(13, 380, '', 'HP NC375i Integrated Quad Port Multifunction Gigabit Server Adapter'),
(12, 380, '', 'ifDescr'),
(7, 380, NULL, '192.168.6.2'),
(8, 380, NULL, 'public'),
(9, 380, NULL, ''),
(10, 380, NULL, ''),
(11, 380, NULL, '1'),
(39, 380, NULL, '161'),
(44, 380, NULL, ''),
(45, 380, NULL, ''),
(46, 380, NULL, ''),
(29, 385, NULL, '192.168.6.28'),
(29, 386, NULL, '192.168.6.26'),
(1, 456, NULL, '192.168.6.21'),
(2, 456, NULL, 'public'),
(3, 456, NULL, ''),
(4, 456, NULL, ''),
(5, 456, NULL, '1'),
(6, 456, '', '.1.3.6.1.4.1.9.2.1.58.0'),
(40, 456, NULL, '161'),
(41, 456, NULL, ''),
(42, 456, NULL, ''),
(43, 456, NULL, ''),
(22, 457, '', 'MemFree:'),
(22, 458, '', 'SwapFree:'),
(29, 459, NULL, '192.168.6.21'),
(1, 460, NULL, '192.168.6.22'),
(5, 460, NULL, '1'),
(4, 460, NULL, ''),
(3, 460, NULL, ''),
(2, 460, NULL, 'public'),
(6, 460, '', '.1.3.6.1.4.1.2021.11.51.0'),
(1, 461, NULL, '192.168.6.22'),
(2, 461, NULL, 'public'),
(3, 461, NULL, ''),
(4, 461, NULL, ''),
(5, 461, NULL, '1'),
(6, 461, '', '.1.3.6.1.4.1.2021.11.52.0'),
(1, 462, NULL, '192.168.6.22'),
(2, 462, NULL, 'public'),
(3, 462, NULL, ''),
(4, 462, NULL, ''),
(5, 462, NULL, '1'),
(6, 462, '', '.1.3.6.1.4.1.2021.11.50.0'),
(40, 460, NULL, '161'),
(41, 460, NULL, ''),
(42, 460, NULL, ''),
(43, 460, NULL, ''),
(40, 461, NULL, '161'),
(41, 461, NULL, ''),
(42, 461, NULL, ''),
(43, 461, NULL, ''),
(40, 462, NULL, '161'),
(41, 462, NULL, ''),
(42, 462, NULL, ''),
(43, 462, NULL, ''),
(1, 463, NULL, '192.168.6.22'),
(2, 463, NULL, 'public'),
(3, 463, NULL, ''),
(4, 463, NULL, ''),
(5, 463, NULL, '1'),
(6, 463, '', '.1.3.6.1.4.1.2021.10.1.3.1'),
(1, 464, NULL, '192.168.6.22'),
(2, 464, NULL, 'public'),
(3, 464, NULL, ''),
(4, 464, NULL, ''),
(5, 464, NULL, '1'),
(6, 464, '', '.1.3.6.1.4.1.2021.10.1.3.3'),
(1, 465, NULL, '192.168.6.22'),
(2, 465, NULL, 'public'),
(3, 465, NULL, ''),
(4, 465, NULL, ''),
(5, 465, NULL, '1'),
(6, 465, '', '.1.3.6.1.4.1.2021.10.1.3.2'),
(40, 463, NULL, '161'),
(41, 463, NULL, ''),
(42, 463, NULL, ''),
(43, 463, NULL, ''),
(40, 464, NULL, '161'),
(41, 464, NULL, ''),
(42, 464, NULL, ''),
(43, 464, NULL, ''),
(40, 465, NULL, '161'),
(41, 465, NULL, ''),
(42, 465, NULL, ''),
(43, 465, NULL, ''),
(1, 466, NULL, '192.168.6.22'),
(2, 466, NULL, 'public'),
(3, 466, NULL, ''),
(4, 466, NULL, ''),
(5, 466, NULL, '1'),
(6, 466, '', '.1.3.6.1.4.1.2021.4.14.0'),
(1, 467, NULL, '192.168.6.22'),
(2, 467, NULL, 'public'),
(3, 467, NULL, ''),
(4, 467, NULL, ''),
(5, 467, NULL, '1'),
(6, 467, '', '.1.3.6.1.4.1.2021.4.15.0'),
(1, 468, NULL, '192.168.6.22'),
(2, 468, NULL, 'public'),
(3, 468, NULL, ''),
(4, 468, NULL, ''),
(5, 468, NULL, '1'),
(6, 468, '', '.1.3.6.1.4.1.2021.4.6.0'),
(40, 466, NULL, '161'),
(41, 466, NULL, ''),
(42, 466, NULL, ''),
(43, 466, NULL, ''),
(40, 467, NULL, '161'),
(41, 467, NULL, ''),
(42, 467, NULL, ''),
(43, 467, NULL, ''),
(40, 468, NULL, '161'),
(41, 468, NULL, ''),
(42, 468, NULL, ''),
(43, 468, NULL, ''),
(1, 469, NULL, '192.168.6.28'),
(2, 469, NULL, 'public'),
(3, 469, NULL, ''),
(4, 469, NULL, ''),
(5, 469, NULL, '1'),
(6, 469, '', '.1.3.6.1.4.1.9.2.1.58.0'),
(40, 469, NULL, '161'),
(41, 469, NULL, ''),
(42, 469, NULL, ''),
(43, 469, NULL, ''),
(1, 470, NULL, '192.168.6.28'),
(5, 470, NULL, '1'),
(4, 470, NULL, ''),
(3, 470, NULL, ''),
(2, 470, NULL, 'public'),
(6, 470, '', '.1.3.6.1.4.1.2021.11.51.0'),
(1, 471, NULL, '192.168.6.28'),
(2, 471, NULL, 'public'),
(3, 471, NULL, ''),
(4, 471, NULL, ''),
(5, 471, NULL, '1'),
(6, 471, '', '.1.3.6.1.4.1.2021.11.52.0'),
(1, 472, NULL, '192.168.6.28'),
(2, 472, NULL, 'public'),
(3, 472, NULL, ''),
(4, 472, NULL, ''),
(5, 472, NULL, '1'),
(6, 472, '', '.1.3.6.1.4.1.2021.11.50.0'),
(40, 470, NULL, '161'),
(41, 470, NULL, ''),
(42, 470, NULL, ''),
(43, 470, NULL, ''),
(40, 471, NULL, '161'),
(41, 471, NULL, ''),
(42, 471, NULL, ''),
(43, 471, NULL, ''),
(40, 472, NULL, '161'),
(41, 472, NULL, ''),
(42, 472, NULL, ''),
(43, 472, NULL, ''),
(1, 473, NULL, '192.168.6.28'),
(2, 473, NULL, 'public'),
(3, 473, NULL, ''),
(4, 473, NULL, ''),
(5, 473, NULL, '1'),
(6, 473, '', '.1.3.6.1.4.1.2021.10.1.3.1'),
(1, 474, NULL, '192.168.6.28'),
(2, 474, NULL, 'public'),
(3, 474, NULL, ''),
(4, 474, NULL, ''),
(5, 474, NULL, '1'),
(6, 474, '', '.1.3.6.1.4.1.2021.10.1.3.3'),
(1, 475, NULL, '192.168.6.28'),
(2, 475, NULL, 'public'),
(3, 475, NULL, ''),
(4, 475, NULL, ''),
(5, 475, NULL, '1'),
(6, 475, '', '.1.3.6.1.4.1.2021.10.1.3.2'),
(40, 473, NULL, '161'),
(41, 473, NULL, ''),
(42, 473, NULL, ''),
(43, 473, NULL, ''),
(40, 474, NULL, '161'),
(41, 474, NULL, ''),
(42, 474, NULL, ''),
(43, 474, NULL, ''),
(40, 475, NULL, '161'),
(41, 475, NULL, ''),
(42, 475, NULL, ''),
(43, 475, NULL, ''),
(1, 476, NULL, '192.168.6.28'),
(2, 476, NULL, 'public'),
(3, 476, NULL, ''),
(4, 476, NULL, ''),
(5, 476, NULL, '1'),
(6, 476, '', '.1.3.6.1.4.1.2021.4.14.0'),
(1, 477, NULL, '192.168.6.28'),
(2, 477, NULL, 'public'),
(3, 477, NULL, ''),
(4, 477, NULL, ''),
(5, 477, NULL, '1'),
(6, 477, '', '.1.3.6.1.4.1.2021.4.15.0'),
(1, 478, NULL, '192.168.6.28'),
(2, 478, NULL, 'public'),
(3, 478, NULL, ''),
(4, 478, NULL, ''),
(5, 478, NULL, '1'),
(6, 478, '', '.1.3.6.1.4.1.2021.4.6.0'),
(40, 476, NULL, '161'),
(41, 476, NULL, ''),
(42, 476, NULL, ''),
(43, 476, NULL, ''),
(40, 477, NULL, '161'),
(41, 477, NULL, ''),
(42, 477, NULL, ''),
(43, 477, NULL, ''),
(40, 478, NULL, '161'),
(41, 478, NULL, ''),
(42, 478, NULL, ''),
(43, 478, NULL, ''),
(29, 479, NULL, '192.168.6.28'),
(1, 480, NULL, '192.168.6.23'),
(2, 480, NULL, 'public'),
(3, 480, NULL, ''),
(4, 480, NULL, ''),
(5, 480, NULL, '1'),
(6, 480, '', '.1.3.6.1.2.1.25.1.6.0'),
(40, 480, NULL, '161'),
(41, 480, NULL, ''),
(42, 480, NULL, ''),
(43, 480, NULL, ''),
(22, 481, '', 'MemFree:'),
(22, 482, '', 'SwapFree:'),
(1, 484, NULL, '192.168.6.24'),
(5, 484, NULL, '1'),
(4, 484, NULL, ''),
(3, 484, NULL, ''),
(2, 484, NULL, 'public'),
(6, 484, '', '.1.3.6.1.4.1.2021.11.51.0'),
(1, 485, NULL, '192.168.6.24'),
(2, 485, NULL, 'public'),
(3, 485, NULL, ''),
(4, 485, NULL, ''),
(5, 485, NULL, '1'),
(6, 485, '', '.1.3.6.1.4.1.2021.11.52.0'),
(1, 486, NULL, '192.168.6.24'),
(2, 486, NULL, 'public'),
(3, 486, NULL, ''),
(4, 486, NULL, ''),
(5, 486, NULL, '1'),
(6, 486, '', '.1.3.6.1.4.1.2021.11.50.0'),
(40, 484, NULL, '161'),
(41, 484, NULL, ''),
(42, 484, NULL, ''),
(43, 484, NULL, ''),
(40, 485, NULL, '161'),
(41, 485, NULL, ''),
(42, 485, NULL, ''),
(43, 485, NULL, ''),
(40, 486, NULL, '161'),
(41, 486, NULL, ''),
(42, 486, NULL, ''),
(43, 486, NULL, ''),
(1, 487, NULL, '192.168.6.24'),
(2, 487, NULL, 'public'),
(3, 487, NULL, ''),
(4, 487, NULL, ''),
(5, 487, NULL, '1'),
(6, 487, '', '.1.3.6.1.4.1.2021.4.14.0'),
(1, 488, NULL, '192.168.6.24'),
(2, 488, NULL, 'public'),
(3, 488, NULL, ''),
(4, 488, NULL, ''),
(5, 488, NULL, '1'),
(6, 488, '', '.1.3.6.1.4.1.2021.4.15.0'),
(1, 489, NULL, '192.168.6.24'),
(2, 489, NULL, 'public'),
(3, 489, NULL, ''),
(4, 489, NULL, ''),
(5, 489, NULL, '1'),
(6, 489, '', '.1.3.6.1.4.1.2021.4.6.0'),
(40, 487, NULL, '161'),
(41, 487, NULL, ''),
(42, 487, NULL, ''),
(43, 487, NULL, ''),
(40, 488, NULL, '161'),
(41, 488, NULL, ''),
(42, 488, NULL, ''),
(43, 488, NULL, ''),
(40, 489, NULL, '161'),
(41, 489, NULL, ''),
(42, 489, NULL, ''),
(43, 489, NULL, ''),
(1, 491, NULL, '192.168.6.25'),
(5, 491, NULL, '1'),
(4, 491, NULL, ''),
(3, 491, NULL, ''),
(2, 491, NULL, 'public'),
(6, 491, '', '.1.3.6.1.4.1.2021.11.51.0'),
(1, 492, NULL, '192.168.6.25'),
(2, 492, NULL, 'public'),
(3, 492, NULL, ''),
(4, 492, NULL, ''),
(5, 492, NULL, '1'),
(6, 492, '', '.1.3.6.1.4.1.2021.11.52.0'),
(1, 493, NULL, '192.168.6.25'),
(2, 493, NULL, 'public'),
(3, 493, NULL, ''),
(4, 493, NULL, ''),
(5, 493, NULL, '1'),
(6, 493, '', '.1.3.6.1.4.1.2021.11.50.0'),
(40, 491, NULL, '161'),
(41, 491, NULL, ''),
(42, 491, NULL, ''),
(43, 491, NULL, ''),
(40, 492, NULL, '161'),
(41, 492, NULL, ''),
(42, 492, NULL, ''),
(43, 492, NULL, ''),
(40, 493, NULL, '161'),
(41, 493, NULL, ''),
(42, 493, NULL, ''),
(43, 493, NULL, ''),
(1, 494, NULL, '192.168.6.25'),
(2, 494, NULL, 'public'),
(3, 494, NULL, ''),
(4, 494, NULL, ''),
(5, 494, NULL, '1'),
(6, 494, '', '.1.3.6.1.4.1.2021.4.14.0'),
(1, 495, NULL, '192.168.6.25'),
(2, 495, NULL, 'public'),
(3, 495, NULL, ''),
(4, 495, NULL, ''),
(5, 495, NULL, '1'),
(6, 495, '', '.1.3.6.1.4.1.2021.4.15.0'),
(1, 496, NULL, '192.168.6.25'),
(2, 496, NULL, 'public'),
(3, 496, NULL, ''),
(4, 496, NULL, ''),
(5, 496, NULL, '1'),
(6, 496, '', '.1.3.6.1.4.1.2021.4.6.0'),
(40, 494, NULL, '161'),
(41, 494, NULL, ''),
(42, 494, NULL, ''),
(43, 494, NULL, ''),
(40, 495, NULL, '161'),
(41, 495, NULL, ''),
(42, 495, NULL, ''),
(43, 495, NULL, ''),
(40, 496, NULL, '161'),
(41, 496, NULL, ''),
(42, 496, NULL, ''),
(43, 496, NULL, ''),
(1, 498, NULL, '192.168.6.26'),
(5, 498, NULL, '1'),
(4, 498, NULL, ''),
(3, 498, NULL, ''),
(2, 498, NULL, 'public'),
(6, 498, '', '.1.3.6.1.4.1.2021.11.51.0'),
(1, 499, NULL, '192.168.6.26'),
(2, 499, NULL, 'public'),
(3, 499, NULL, ''),
(4, 499, NULL, ''),
(5, 499, NULL, '1'),
(6, 499, '', '.1.3.6.1.4.1.2021.11.52.0'),
(1, 500, NULL, '192.168.6.26'),
(2, 500, NULL, 'public'),
(3, 500, NULL, ''),
(4, 500, NULL, ''),
(5, 500, NULL, '1'),
(6, 500, '', '.1.3.6.1.4.1.2021.11.50.0'),
(40, 498, NULL, '161'),
(41, 498, NULL, ''),
(42, 498, NULL, ''),
(43, 498, NULL, ''),
(40, 499, NULL, '161'),
(41, 499, NULL, ''),
(42, 499, NULL, ''),
(43, 499, NULL, ''),
(40, 500, NULL, '161'),
(41, 500, NULL, ''),
(42, 500, NULL, ''),
(43, 500, NULL, ''),
(1, 501, NULL, '192.168.6.26'),
(2, 501, NULL, 'public'),
(3, 501, NULL, ''),
(4, 501, NULL, ''),
(5, 501, NULL, '1'),
(6, 501, '', '.1.3.6.1.4.1.2021.4.14.0'),
(1, 502, NULL, '192.168.6.26'),
(2, 502, NULL, 'public'),
(3, 502, NULL, ''),
(4, 502, NULL, ''),
(5, 502, NULL, '1'),
(6, 502, '', '.1.3.6.1.4.1.2021.4.15.0'),
(1, 503, NULL, '192.168.6.26'),
(2, 503, NULL, 'public'),
(3, 503, NULL, ''),
(4, 503, NULL, ''),
(5, 503, NULL, '1'),
(6, 503, '', '.1.3.6.1.4.1.2021.4.6.0'),
(40, 501, NULL, '161'),
(41, 501, NULL, ''),
(42, 501, NULL, ''),
(43, 501, NULL, ''),
(40, 502, NULL, '161'),
(41, 502, NULL, ''),
(42, 502, NULL, ''),
(43, 502, NULL, ''),
(40, 503, NULL, '161'),
(41, 503, NULL, ''),
(42, 503, NULL, ''),
(43, 503, NULL, ''),
(29, 504, NULL, '192.168.6.26'),
(1, 506, NULL, '192.168.6.27'),
(5, 506, NULL, '1'),
(4, 506, NULL, ''),
(3, 506, NULL, ''),
(2, 506, NULL, 'public'),
(6, 506, '', '.1.3.6.1.4.1.2021.11.51.0'),
(1, 507, NULL, '192.168.6.27'),
(2, 507, NULL, 'public'),
(3, 507, NULL, ''),
(4, 507, NULL, ''),
(5, 507, NULL, '1'),
(6, 507, '', '.1.3.6.1.4.1.2021.11.52.0'),
(1, 508, NULL, '192.168.6.27'),
(2, 508, NULL, 'public'),
(3, 508, NULL, ''),
(4, 508, NULL, ''),
(5, 508, NULL, '1'),
(6, 508, '', '.1.3.6.1.4.1.2021.11.50.0'),
(40, 506, NULL, '161'),
(41, 506, NULL, ''),
(42, 506, NULL, ''),
(43, 506, NULL, ''),
(40, 507, NULL, '161'),
(41, 507, NULL, ''),
(42, 507, NULL, ''),
(43, 507, NULL, ''),
(40, 508, NULL, '161'),
(41, 508, NULL, ''),
(42, 508, NULL, ''),
(43, 508, NULL, ''),
(1, 509, NULL, '192.168.6.27'),
(2, 509, NULL, 'public'),
(3, 509, NULL, ''),
(4, 509, NULL, ''),
(5, 509, NULL, '1'),
(6, 509, '', '.1.3.6.1.4.1.2021.4.14.0'),
(1, 510, NULL, '192.168.6.27'),
(2, 510, NULL, 'public'),
(3, 510, NULL, ''),
(4, 510, NULL, ''),
(5, 510, NULL, '1'),
(6, 510, '', '.1.3.6.1.4.1.2021.4.15.0');
INSERT INTO `data_input_data` (`data_input_field_id`, `data_template_data_id`, `t_value`, `value`) VALUES
(1, 511, NULL, '192.168.6.27'),
(2, 511, NULL, 'public'),
(3, 511, NULL, ''),
(4, 511, NULL, ''),
(5, 511, NULL, '1'),
(6, 511, '', '.1.3.6.1.4.1.2021.4.6.0'),
(40, 509, NULL, '161'),
(41, 509, NULL, ''),
(42, 509, NULL, ''),
(43, 509, NULL, ''),
(40, 510, NULL, '161'),
(41, 510, NULL, ''),
(42, 510, NULL, ''),
(43, 510, NULL, ''),
(40, 511, NULL, '161'),
(41, 511, NULL, ''),
(42, 511, NULL, ''),
(43, 511, NULL, ''),
(1, 513, NULL, '192.168.6.2'),
(2, 513, NULL, 'public'),
(3, 513, NULL, ''),
(4, 513, NULL, ''),
(5, 513, NULL, '1'),
(6, 513, '', '.1.3.6.1.2.1.25.1.5.0'),
(40, 513, NULL, '161'),
(41, 513, NULL, ''),
(42, 513, NULL, ''),
(43, 513, NULL, ''),
(14, 521, '', '13'),
(13, 521, '', 'MS TCP Loopback interface'),
(12, 521, '', 'ifDescr'),
(7, 521, NULL, '192.168.6.2'),
(8, 521, NULL, 'public'),
(9, 521, NULL, ''),
(10, 521, NULL, ''),
(11, 521, NULL, '1'),
(39, 521, NULL, '161'),
(44, 521, NULL, ''),
(45, 521, NULL, ''),
(46, 521, NULL, ''),
(31, 802, '', 'dskDevice'),
(32, 802, '', '/dev/sda1'),
(33, 802, '', '15'),
(31, 801, '', 'dskDevice'),
(32, 801, '', '/dev/mapper/cl-root'),
(33, 801, '', '15'),
(20, 799, '', ''),
(22, 797, '', 'SwapFree:'),
(22, 796, '', 'MemFree:'),
(46, 795, NULL, ''),
(45, 795, NULL, ''),
(44, 795, NULL, ''),
(39, 795, NULL, '161'),
(11, 795, NULL, '1'),
(10, 795, NULL, ''),
(9, 795, NULL, ''),
(8, 795, NULL, 'public'),
(7, 795, NULL, '172.16.88.20'),
(12, 795, '', 'ifDescr'),
(13, 795, '', 'BVI1'),
(14, 795, '', '13'),
(46, 794, NULL, ''),
(45, 794, NULL, ''),
(44, 794, NULL, ''),
(39, 794, NULL, '161'),
(11, 794, NULL, '1'),
(10, 794, NULL, ''),
(9, 794, NULL, ''),
(8, 794, NULL, 'public'),
(7, 794, NULL, '172.16.88.20'),
(12, 794, '', 'ifDescr'),
(13, 794, '', 'FastEthernet0.102'),
(14, 794, '', '13'),
(46, 793, NULL, ''),
(45, 793, NULL, ''),
(44, 793, NULL, ''),
(39, 793, NULL, '161'),
(11, 793, NULL, '1'),
(10, 793, NULL, ''),
(9, 793, NULL, ''),
(8, 793, NULL, 'public'),
(7, 793, NULL, '172.16.88.20'),
(12, 793, '', 'ifDescr'),
(13, 793, '', 'FastEthernet0.101'),
(14, 793, '', '13'),
(46, 792, NULL, ''),
(45, 792, NULL, ''),
(44, 792, NULL, ''),
(39, 792, NULL, '161'),
(11, 792, NULL, '1'),
(10, 792, NULL, ''),
(9, 792, NULL, ''),
(8, 792, NULL, 'public'),
(7, 792, NULL, '172.16.88.20'),
(12, 792, '', 'ifDescr'),
(13, 792, '', 'Dot11Radio0.102'),
(14, 792, '', '13'),
(46, 791, NULL, ''),
(45, 791, NULL, ''),
(44, 791, NULL, ''),
(39, 791, NULL, '161'),
(11, 791, NULL, '1'),
(10, 791, NULL, ''),
(9, 791, NULL, ''),
(8, 791, NULL, 'public'),
(7, 791, NULL, '172.16.88.20'),
(12, 791, '', 'ifDescr'),
(13, 791, '', 'Dot11Radio0.101'),
(14, 791, '', '13'),
(46, 790, NULL, ''),
(45, 790, NULL, ''),
(44, 790, NULL, ''),
(39, 790, NULL, '161'),
(11, 790, NULL, '1'),
(10, 790, NULL, ''),
(9, 790, NULL, ''),
(8, 790, NULL, 'public'),
(7, 790, NULL, '172.16.88.20'),
(12, 790, '', 'ifDescr'),
(13, 790, '', 'Null0'),
(14, 790, '', '13'),
(46, 789, NULL, ''),
(45, 789, NULL, ''),
(44, 789, NULL, ''),
(39, 789, NULL, '161'),
(11, 789, NULL, '1'),
(10, 789, NULL, ''),
(9, 789, NULL, ''),
(8, 789, NULL, 'public'),
(7, 789, NULL, '172.16.88.20'),
(12, 789, '', 'ifDescr'),
(13, 789, '', 'FastEthernet0'),
(14, 789, '', '13'),
(46, 788, NULL, ''),
(45, 788, NULL, ''),
(44, 788, NULL, ''),
(39, 788, NULL, '161'),
(11, 788, NULL, '1'),
(10, 788, NULL, ''),
(9, 788, NULL, ''),
(8, 788, NULL, 'public'),
(7, 788, NULL, '172.16.88.20'),
(12, 788, '', 'ifDescr'),
(13, 788, '', 'Dot11Radio1'),
(14, 788, '', '13'),
(46, 787, NULL, ''),
(45, 787, NULL, ''),
(44, 787, NULL, ''),
(39, 787, NULL, '161'),
(11, 787, NULL, '1'),
(10, 787, NULL, ''),
(9, 787, NULL, ''),
(8, 787, NULL, 'public'),
(7, 787, NULL, '172.16.88.20'),
(12, 787, '', 'ifDescr'),
(13, 787, '', 'Dot11Radio0'),
(14, 787, '', '13'),
(29, 786, NULL, '172.16.88.20'),
(46, 785, NULL, ''),
(45, 785, NULL, ''),
(44, 785, NULL, ''),
(39, 785, NULL, '161'),
(11, 785, NULL, '1'),
(10, 785, NULL, ''),
(9, 785, NULL, ''),
(8, 785, NULL, 'public'),
(7, 785, NULL, '172.16.88.20'),
(12, 785, '', ''),
(13, 785, '', ''),
(14, 785, '', ''),
(46, 784, NULL, ''),
(45, 784, NULL, ''),
(44, 784, NULL, ''),
(39, 784, NULL, '161'),
(11, 784, NULL, '1'),
(10, 784, NULL, ''),
(9, 784, NULL, ''),
(8, 784, NULL, 'public'),
(7, 784, NULL, '172.16.88.20'),
(12, 784, '', 'ifDescr'),
(13, 784, '', 'BVI1'),
(14, 784, '', '13'),
(46, 783, NULL, ''),
(45, 783, NULL, ''),
(44, 783, NULL, ''),
(39, 783, NULL, '161'),
(11, 783, NULL, '1'),
(10, 783, NULL, ''),
(9, 783, NULL, ''),
(8, 783, NULL, 'public'),
(7, 783, NULL, '172.16.88.20'),
(12, 783, '', 'ifDescr'),
(13, 783, '', 'FastEthernet0.102'),
(14, 783, '', '13'),
(46, 782, NULL, ''),
(45, 782, NULL, ''),
(44, 782, NULL, ''),
(39, 782, NULL, '161'),
(11, 782, NULL, '1'),
(10, 782, NULL, ''),
(9, 782, NULL, ''),
(8, 782, NULL, 'public'),
(7, 782, NULL, '172.16.88.20'),
(12, 782, '', 'ifDescr'),
(13, 782, '', 'FastEthernet0.101'),
(14, 782, '', '13'),
(46, 781, NULL, ''),
(45, 781, NULL, ''),
(44, 781, NULL, ''),
(39, 781, NULL, '161'),
(11, 781, NULL, '1'),
(10, 781, NULL, ''),
(9, 781, NULL, ''),
(8, 781, NULL, 'public'),
(7, 781, NULL, '172.16.88.20'),
(12, 781, '', 'ifDescr'),
(13, 781, '', 'Dot11Radio0.102'),
(14, 781, '', '13'),
(46, 780, NULL, ''),
(45, 780, NULL, ''),
(44, 780, NULL, ''),
(39, 780, NULL, '161'),
(11, 780, NULL, '1'),
(10, 780, NULL, ''),
(9, 780, NULL, ''),
(8, 780, NULL, 'public'),
(7, 780, NULL, '172.16.88.20'),
(12, 780, '', 'ifDescr'),
(13, 780, '', 'Dot11Radio0.101'),
(14, 780, '', '13'),
(46, 779, NULL, ''),
(45, 779, NULL, ''),
(44, 779, NULL, ''),
(39, 779, NULL, '161'),
(11, 779, NULL, '1'),
(10, 779, NULL, ''),
(9, 779, NULL, ''),
(8, 779, NULL, 'public'),
(7, 779, NULL, '172.16.88.20'),
(12, 779, '', 'ifDescr'),
(13, 779, '', 'Null0'),
(14, 779, '', '13'),
(46, 778, NULL, ''),
(45, 778, NULL, ''),
(44, 778, NULL, ''),
(39, 778, NULL, '161'),
(11, 778, NULL, '1'),
(10, 778, NULL, ''),
(9, 778, NULL, ''),
(8, 778, NULL, 'public'),
(7, 778, NULL, '172.16.88.20'),
(12, 778, '', 'ifDescr'),
(13, 778, '', 'FastEthernet0'),
(14, 778, '', '13'),
(46, 777, NULL, ''),
(45, 777, NULL, ''),
(44, 777, NULL, ''),
(39, 777, NULL, '161'),
(11, 777, NULL, '1'),
(10, 777, NULL, ''),
(9, 777, NULL, ''),
(8, 777, NULL, 'public'),
(7, 777, NULL, '172.16.88.20'),
(12, 777, '', 'ifDescr'),
(13, 777, '', 'Dot11Radio1'),
(14, 777, '', '13'),
(46, 776, NULL, ''),
(45, 776, NULL, ''),
(44, 776, NULL, ''),
(39, 776, NULL, '161'),
(11, 776, NULL, '1'),
(10, 776, NULL, ''),
(9, 776, NULL, ''),
(8, 776, NULL, 'public'),
(7, 776, NULL, '172.16.88.20'),
(12, 776, '', 'ifDescr'),
(13, 776, '', 'Dot11Radio0'),
(14, 776, '', '13'),
(29, 775, NULL, '172.16.88.20'),
(46, 774, NULL, ''),
(45, 774, NULL, ''),
(44, 774, NULL, ''),
(39, 774, NULL, '161'),
(11, 774, NULL, '1'),
(10, 774, NULL, ''),
(9, 774, NULL, ''),
(8, 774, NULL, 'public'),
(7, 774, NULL, '172.16.88.20'),
(12, 774, '', ''),
(13, 774, '', ''),
(14, 774, '', ''),
(31, 773, '', 'dskDevice'),
(32, 773, '', '/dev/sda1'),
(33, 773, '', '15'),
(31, 772, '', 'dskDevice'),
(32, 772, '', '/dev/mapper/cl-root'),
(33, 772, '', '15'),
(20, 770, '', ''),
(22, 768, '', 'SwapFree:'),
(22, 767, '', 'MemFree:');

-- --------------------------------------------------------

--
-- 表的结构 `data_input_fields`
--

CREATE TABLE `data_input_fields` (
  `id` mediumint(8) UNSIGNED NOT NULL,
  `hash` varchar(32) NOT NULL DEFAULT '',
  `data_input_id` mediumint(8) UNSIGNED NOT NULL DEFAULT 0,
  `name` varchar(200) NOT NULL DEFAULT '',
  `data_name` varchar(50) NOT NULL DEFAULT '',
  `input_output` char(3) NOT NULL DEFAULT '',
  `update_rra` char(2) DEFAULT '0',
  `sequence` smallint(5) NOT NULL DEFAULT 0,
  `type_code` varchar(40) DEFAULT NULL,
  `regexp_match` varchar(200) DEFAULT NULL,
  `allow_nulls` char(2) DEFAULT NULL
) ENGINE=MyISAM DEFAULT CHARSET=latin1;

--
-- 转存表中的数据 `data_input_fields`
--

INSERT INTO `data_input_fields` (`id`, `hash`, `data_input_id`, `name`, `data_name`, `input_output`, `update_rra`, `sequence`, `type_code`, `regexp_match`, `allow_nulls`) VALUES
(1, '92f5906c8dc0f964b41f4253df582c38', 1, 'SNMP IP Address', 'management_ip', 'in', '', 0, 'hostname', '', ''),
(2, '32285d5bf16e56c478f5e83f32cda9ef', 1, 'SNMP Community', 'snmp_community', 'in', '', 0, 'snmp_community', '', ''),
(3, 'ad14ac90641aed388139f6ba86a2e48b', 1, 'SNMP Username', 'snmp_username', 'in', '', 0, 'snmp_username', '', 'on'),
(4, '9c55a74bd571b4f00a96fd4b793278c6', 1, 'SNMP Password', 'snmp_password', 'in', '', 0, 'snmp_password', '', 'on'),
(5, '012ccb1d3687d3edb29c002ea66e72da', 1, 'SNMP Version (1, 2, or 3)', 'snmp_version', 'in', '', 0, 'snmp_version', '', 'on'),
(6, '4276a5ec6e3fe33995129041b1909762', 1, 'OID', 'oid', 'in', '', 0, 'snmp_oid', '', ''),
(7, '617cdc8a230615e59f06f361ef6e7728', 2, 'SNMP IP Address', 'management_ip', 'in', '', 0, 'hostname', '', ''),
(8, 'acb449d1451e8a2a655c2c99d31142c7', 2, 'SNMP Community', 'snmp_community', 'in', '', 0, 'snmp_community', '', ''),
(9, 'f4facc5e2ca7ebee621f09bc6d9fc792', 2, 'SNMP Username (v3)', 'snmp_username', 'in', '', 0, 'snmp_username', '', 'on'),
(10, '1cc1493a6781af2c478fa4de971531cf', 2, 'SNMP Password (v3)', 'snmp_password', 'in', '', 0, 'snmp_password', '', 'on'),
(11, 'b5c23f246559df38662c255f4aa21d6b', 2, 'SNMP Version (1, 2, or 3)', 'snmp_version', 'in', '', 0, 'snmp_version', '', ''),
(12, '6027a919c7c7731fbe095b6f53ab127b', 2, 'Index Type', 'index_type', 'in', '', 0, 'index_type', '', ''),
(13, 'cbbe5c1ddfb264a6e5d509ce1c78c95f', 2, 'Index Value', 'index_value', 'in', '', 0, 'index_value', '', ''),
(14, 'e6deda7be0f391399c5130e7c4a48b28', 2, 'Output Type ID', 'output_type', 'in', '', 0, 'output_type', '', ''),
(15, 'edfd72783ad02df128ff82fc9324b4b9', 3, 'Disk Partition', 'partition', 'in', '', 1, '', '', ''),
(16, '8b75fb61d288f0b5fc0bd3056af3689b', 3, 'Kilobytes Free', 'kilobytes', 'out', 'on', 0, '', '', ''),
(17, '363588d49b263d30aecb683c52774f39', 4, '1 Minute Average', '1min', 'out', 'on', 0, '', '', ''),
(18, 'ad139a9e1d69881da36fca07889abf58', 4, '5 Minute Average', '5min', 'out', 'on', 0, '', '', ''),
(19, '5db9fee64824c08258c7ff6f8bc53337', 4, '10 Minute Average', '10min', 'out', 'on', 0, '', '', ''),
(20, 'c0cfd0beae5e79927c5a360076706820', 5, 'Username (Optional)', 'username', 'in', '', 1, '', '', 'on'),
(21, '52c58ad414d9a2a83b00a7a51be75a53', 5, 'Logged In Users', 'users', 'out', 'on', 0, '', '', ''),
(22, '05eb5d710f0814871b8515845521f8d7', 6, 'Grep String', 'grepstr', 'in', '', 1, '', '', ''),
(23, '86cb1cbfde66279dbc7f1144f43a3219', 6, 'Result (in Kilobytes)', 'kilobytes', 'out', 'on', 0, '', '', ''),
(24, 'd5a8dd5fbe6a5af11667c0039af41386', 7, 'Number of Processes', 'proc', 'out', 'on', 0, '', '', ''),
(25, '8848cdcae831595951a3f6af04eec93b', 8, 'Grep String', 'grepstr', 'in', '', 1, '', '', 'on'),
(26, '3d1288d33008430ce354e8b9c162f7ff', 8, 'Connections', 'connections', 'out', 'on', 0, '', '', ''),
(27, 'c6af570bb2ed9c84abf32033702e2860', 9, '(Optional) Log Path', 'log_path', 'in', '', 1, '', '', 'on'),
(28, 'f9389860f5c5340c9b27fca0b4ee5e71', 9, 'Web Hits', 'webhits', 'out', 'on', 0, '', '', ''),
(29, '5fbadb91ad66f203463c1187fe7bd9d5', 10, 'IP Address', 'ip', 'in', '', 1, 'hostname', '', ''),
(30, '6ac4330d123c69067d36a933d105e89a', 10, 'Milliseconds', 'out_ms', 'out', 'on', 0, '', '', ''),
(31, 'd39556ecad6166701bfb0e28c5a11108', 11, 'Index Type', 'index_type', 'in', '', 0, 'index_type', '', ''),
(32, '3b7caa46eb809fc238de6ef18b6e10d5', 11, 'Index Value', 'index_value', 'in', '', 0, 'index_value', '', ''),
(33, '74af2e42dc12956c4817c2ef5d9983f9', 11, 'Output Type ID', 'output_type', 'in', '', 0, 'output_type', '', ''),
(34, '8ae57f09f787656bf4ac541e8bd12537', 11, 'Output Value', 'output', 'out', 'on', 0, '', '', ''),
(35, '172b4b0eacee4948c6479f587b62e512', 12, 'Index Type', 'index_type', 'in', '', 0, 'index_type', '', ''),
(36, '30fb5d5bcf3d66bb5abe88596f357c26', 12, 'Index Value', 'index_value', 'in', '', 0, 'index_value', '', ''),
(37, '31112c85ae4ff821d3b288336288818c', 12, 'Output Type ID', 'output_type', 'in', '', 0, 'output_type', '', ''),
(38, '5be8fa85472d89c621790b43510b5043', 12, 'Output Value', 'output', 'out', 'on', 0, '', '', ''),
(39, 'c1f36ee60c3dc98945556d57f26e475b', 2, 'SNMP Port', 'snmp_port', 'in', '', 0, 'snmp_port', '', ''),
(40, 'fc64b99742ec417cc424dbf8c7692d36', 1, 'SNMP Port', 'snmp_port', 'in', '', 0, 'snmp_port', '', ''),
(41, '20832ce12f099c8e54140793a091af90', 1, 'SNMP Authenticaion Protocol (v3)', 'snmp_auth_protocol', 'in', '', 0, 'snmp_auth_protocol', '', ''),
(42, 'c60c9aac1e1b3555ea0620b8bbfd82cb', 1, 'SNMP Privacy Passphrase (v3)', 'snmp_priv_passphrase', 'in', '', 0, 'snmp_priv_passphrase', '', ''),
(43, 'feda162701240101bc74148415ef415a', 1, 'SNMP Privacy Protocol (v3)', 'snmp_priv_protocol', 'in', '', 0, 'snmp_priv_protocol', '', ''),
(44, '2cf7129ad3ff819a7a7ac189bee48ce8', 2, 'SNMP Authenticaion Protocol (v3)', 'snmp_auth_protocol', 'in', '', 0, 'snmp_auth_protocol', '', ''),
(45, '6b13ac0a0194e171d241d4b06f913158', 2, 'SNMP Privacy Passphrase (v3)', 'snmp_priv_passphrase', 'in', '', 0, 'snmp_priv_passphrase', '', ''),
(46, '3a33d4fc65b8329ab2ac46a36da26b72', 2, 'SNMP Privacy Protocol (v3)', 'snmp_priv_protocol', 'in', '', 0, 'snmp_priv_protocol', '', '');

-- --------------------------------------------------------

--
-- 表的结构 `data_local`
--

CREATE TABLE `data_local` (
  `id` mediumint(8) UNSIGNED NOT NULL,
  `data_template_id` mediumint(8) UNSIGNED NOT NULL DEFAULT 0,
  `host_id` mediumint(8) UNSIGNED NOT NULL DEFAULT 0,
  `snmp_query_id` mediumint(8) NOT NULL DEFAULT 0,
  `snmp_index` varchar(255) NOT NULL DEFAULT ''
) ENGINE=MyISAM DEFAULT CHARSET=latin1;

--
-- 转存表中的数据 `data_local`
--

INSERT INTO `data_local` (`id`, `data_template_id`, `host_id`, `snmp_query_id`, `snmp_index`) VALUES
(740, 37, 71, 6, '/dev/sda1'),
(739, 37, 71, 6, '/dev/mapper/cl-root'),
(738, 16, 71, 0, ''),
(737, 17, 71, 0, ''),
(736, 11, 71, 0, ''),
(735, 15, 71, 0, ''),
(734, 13, 71, 0, '');

-- --------------------------------------------------------

--
-- 表的结构 `data_template`
--

CREATE TABLE `data_template` (
  `id` mediumint(8) UNSIGNED NOT NULL,
  `hash` varchar(32) NOT NULL DEFAULT '',
  `name` varchar(150) NOT NULL DEFAULT ''
) ENGINE=MyISAM DEFAULT CHARSET=latin1;

--
-- 转存表中的数据 `data_template`
--

INSERT INTO `data_template` (`id`, `hash`, `name`) VALUES
(3, 'c8a8f50f5f4a465368222594c5709ede', 'ucd/net - Hard Drive Space'),
(4, 'cdfed2d401723d2f41fc239d4ce249c7', 'ucd/net - CPU Usage - System'),
(5, 'a27e816377d2ac6434a87c494559c726', 'ucd/net - CPU Usage - User'),
(6, 'c06c3d20eccb9598939dc597701ff574', 'ucd/net - CPU Usage - Nice'),
(7, 'a14f2d6f233b05e64263ff03a5b0b386', 'Karlnet - Noise Level'),
(8, 'def1a9019d888ed2ad2e106aa9595ede', 'Karlnet - Signal Level'),
(9, '513a99ae3c9c4413609c1534ffc36eab', 'Karlnet - Wireless Transmits'),
(10, '77404ae93c9cc410f1c2c717e7117378', 'Karlnet - Wireless Re-Transmits'),
(11, '9e72511e127de200733eb502eb818e1d', 'Unix - Load Average'),
(13, 'dc33aa9a8e71fb7c61ec0e7a6da074aa', 'Linux - Memory - Free'),
(15, '41f55087d067142d702dd3c73c98f020', 'Linux - Memory - Free Swap'),
(16, '9b8c92d3c32703900ff7dd653bfc9cd8', 'Unix - Processes'),
(17, 'c221c2164c585b6da378013a7a6a2c13', 'Unix - Logged in Users'),
(18, 'a30a81cb1de65b52b7da542c8df3f188', 'Unix - Ping Host'),
(19, '0de466a1b81dfe581d44ac014b86553a', 'Netware - Total Users'),
(20, 'bbe2da0708103029fbf949817d3a4537', 'Netware - Total Logins'),
(22, 'e4ac5d5fe73e3c773671c6d0498a8d9d', 'Netware - File System Reads'),
(23, 'f29f8c998425eedd249be1e7caf90ceb', 'Netware - File System Writes'),
(24, '7a6216a113e19881e35565312db8a371', 'Netware - Cache Checks'),
(25, '1dbd1251c8e94b334c0e6aeae5ca4b8d', 'Netware - Cache Hits'),
(26, '1a4c5264eb27b5e57acd3160af770a61', 'Netware - Open Files'),
(27, 'e9def3a0e409f517cb804dfeba4ccd90', 'Cisco Router - 5 Minute CPU'),
(30, '9b82d44eb563027659683765f92c9757', 'ucd/net - Load Average - 1 Minute'),
(31, '87847714d19f405ff3c74f3341b3f940', 'ucd/net - Load Average - 5 Minute'),
(32, '308ac157f24e2763f8cd828a80b3e5ff', 'ucd/net - Load Average - 15 Minute'),
(33, '797a3e92b0039841b52e441a2823a6fb', 'ucd/net - Memory - Buffers'),
(34, 'fa15932d3cab0da2ab94c69b1a9f5ca7', 'ucd/net - Memory - Free'),
(35, '6ce4ab04378f9f3b03ee0623abb6479f', 'Netware - Volumes'),
(36, '03060555fab086b8412bbf9951179cd9', 'Netware - Directory Entries'),
(37, 'e4ac6919d4f6f21ec5b281a1d6ac4d4e', 'Unix - Hard Drive Space'),
(38, '36335cd98633963a575b70639cd2fdad', 'Interface - Errors/Discards'),
(39, '2f654f7d69ac71a5d56b1db8543ccad3', 'Interface - Unicast Packets'),
(40, 'c84e511401a747409053c90ba910d0fe', 'Interface - Non-Unicast Packets'),
(41, '6632e1e0b58a565c135d7ff90440c335', 'Interface - Traffic'),
(42, '1d17325f416b262921a0b55fe5f7e31d', 'Netware - CPU Utilization'),
(43, 'd814fa3b79bd0f8933b6e0834d3f16d0', 'Host MIB - Hard Drive Space'),
(44, 'f6e7d21c19434666bbdac00ccef9932f', 'Host MIB - CPU Utilization'),
(45, 'f383db441d1c246cff8482f15e184e5f', 'Host MIB - Processes'),
(46, '2ef027cc76d75720ee5f7a528f0f1fda', 'Host MIB - Logged in Users'),
(47, 'a274deec1f78654dca6c446ba75ebca4', 'ucd/net - Memory - Cache'),
(48, 'd429e4a6019c91e6e84562593c1968ca', 'SNMP - Generic OID Template');

-- --------------------------------------------------------

--
-- 表的结构 `data_template_data`
--

CREATE TABLE `data_template_data` (
  `id` mediumint(8) UNSIGNED NOT NULL,
  `local_data_template_data_id` mediumint(8) UNSIGNED NOT NULL DEFAULT 0,
  `local_data_id` mediumint(8) UNSIGNED NOT NULL DEFAULT 0,
  `data_template_id` mediumint(8) UNSIGNED NOT NULL DEFAULT 0,
  `data_input_id` mediumint(8) UNSIGNED NOT NULL DEFAULT 0,
  `t_name` char(2) DEFAULT NULL,
  `name` varchar(250) NOT NULL DEFAULT '',
  `name_cache` varchar(255) NOT NULL DEFAULT '',
  `data_source_path` varchar(255) DEFAULT NULL,
  `t_active` char(2) DEFAULT NULL,
  `active` char(2) DEFAULT NULL,
  `t_rrd_step` char(2) DEFAULT NULL,
  `rrd_step` mediumint(8) UNSIGNED NOT NULL DEFAULT 0,
  `t_rra_id` char(2) DEFAULT NULL
) ENGINE=MyISAM DEFAULT CHARSET=latin1;

--
-- 转存表中的数据 `data_template_data`
--

INSERT INTO `data_template_data` (`id`, `local_data_template_data_id`, `local_data_id`, `data_template_id`, `data_input_id`, `t_name`, `name`, `name_cache`, `data_source_path`, `t_active`, `active`, `t_rrd_step`, `rrd_step`, `t_rra_id`) VALUES
(3, 0, 0, 3, 2, 'on', '|host_description| - Hard Drive Space', '', NULL, '', 'on', '', 300, ''),
(4, 0, 0, 4, 1, '', '|host_description| - CPU Usage - System', '', NULL, '', 'on', '', 300, ''),
(5, 0, 0, 5, 1, '', '|host_description| - CPU Usage - User', '', NULL, '', 'on', '', 300, ''),
(6, 0, 0, 6, 1, '', '|host_description| - CPU Usage - Nice', '', NULL, '', 'on', '', 300, ''),
(7, 0, 0, 7, 2, 'on', '|host_description| - Noise Level', '', NULL, '', 'on', '', 300, ''),
(8, 0, 0, 8, 2, 'on', '|host_description| - Signal Level', '', NULL, '', 'on', '', 300, ''),
(9, 0, 0, 9, 2, 'on', '|host_description| - Wireless Transmits', '', NULL, '', 'on', '', 300, ''),
(10, 0, 0, 10, 2, 'on', '|host_description| - Wireless Re-Transmits', '', NULL, '', 'on', '', 300, ''),
(11, 0, 0, 11, 4, '', '|host_description| - Load Average', '', NULL, '', 'on', '', 300, ''),
(13, 0, 0, 13, 6, '', '|host_description| - Memory - Free', '', NULL, '', 'on', '', 300, ''),
(15, 0, 0, 15, 6, '', '|host_description| - Memory - Free Swap', '', NULL, '', 'on', '', 300, ''),
(16, 0, 0, 16, 7, '', '|host_description| - Processes', '', NULL, '', 'on', '', 300, ''),
(17, 0, 0, 17, 5, '', '|host_description| - Logged in Users', '', NULL, '', 'on', '', 300, ''),
(18, 0, 0, 18, 10, '', '|host_description| - Ping Host', '', NULL, '', 'on', '', 300, ''),
(19, 0, 0, 19, 1, '', '|host_description| - Total Users', '', NULL, '', 'on', '', 300, ''),
(20, 0, 0, 20, 1, '', '|host_description| - Total Logins', '', NULL, '', 'on', '', 300, ''),
(22, 0, 0, 22, 1, '', '|host_description| - File System Reads', '', NULL, '', 'on', '', 300, ''),
(23, 0, 0, 23, 1, '', '|host_description| - File System Writes', '', NULL, '', 'on', '', 300, ''),
(24, 0, 0, 24, 1, '', '|host_description| - Cache Checks', '', NULL, '', 'on', '', 300, ''),
(25, 0, 0, 25, 1, '', '|host_description| - Cache Hits', '', NULL, '', 'on', '', 300, ''),
(26, 0, 0, 26, 1, '', '|host_description| - Open Files', '', NULL, '', 'on', '', 300, ''),
(27, 0, 0, 27, 1, '', '|host_description| - 5 Minute CPU', '', NULL, '', 'on', '', 300, ''),
(30, 0, 0, 30, 1, '', '|host_description| - Load Average - 1 Minute', '', NULL, '', 'on', '', 300, ''),
(31, 0, 0, 31, 1, '', '|host_description| - Load Average - 5 Minute', '', NULL, '', 'on', '', 300, ''),
(32, 0, 0, 32, 1, '', '|host_description| - Load Average - 15 Minute', '', NULL, '', 'on', '', 300, ''),
(33, 0, 0, 33, 1, '', '|host_description| - Memory - Buffers', '', NULL, '', 'on', '', 300, ''),
(34, 0, 0, 34, 1, '', '|host_description| - Memory - Free', '', NULL, '', 'on', '', 300, ''),
(35, 0, 0, 35, 2, 'on', '|host_description| - Volumes', '', NULL, '', 'on', '', 300, ''),
(36, 0, 0, 36, 2, 'on', '|host_description| - Directory Entries', '', NULL, '', 'on', '', 300, ''),
(37, 0, 0, 37, 11, 'on', '|host_description| - Hard Drive Space', '', NULL, '', 'on', '', 300, ''),
(38, 0, 0, 38, 2, 'on', '|host_description| - Errors/Discards', '', NULL, '', 'on', '', 300, ''),
(39, 0, 0, 39, 2, 'on', '|host_description| - Unicast Packets', '', NULL, '', 'on', '', 300, ''),
(40, 0, 0, 40, 2, 'on', '|host_description| - Non-Unicast Packets', '', NULL, '', 'on', '', 300, ''),
(41, 0, 0, 41, 2, 'on', '|host_description| - Traffic', '', NULL, '', 'on', '', 300, ''),
(55, 0, 0, 42, 2, '', '|host_description| - CPU Utilization', '', NULL, '', 'on', '', 300, ''),
(56, 0, 0, 43, 12, '', '|host_description| - Hard Drive Space', '', NULL, '', 'on', '', 300, ''),
(57, 0, 0, 44, 12, '', '|host_description| - CPU Utilization', '', NULL, '', 'on', '', 300, ''),
(58, 0, 0, 45, 1, '', '|host_description| - Processes', '', NULL, '', 'on', '', 300, ''),
(59, 0, 0, 46, 1, '', '|host_description| - Logged in Users', '', NULL, '', 'on', '', 300, ''),
(68, 0, 0, 47, 1, '', '|host_description| - Memory - Cache', '', NULL, '', 'on', '', 300, ''),
(69, 0, 0, 48, 1, 'on', '|host_description| -', '', NULL, '', 'on', '', 300, ''),
(802, 37, 740, 37, 11, NULL, '|host_description| - Free Space - |query_dskDevice|', 'LocalHost - Free Space - /dev/sda1', '<path_rra>/localhost_hdd_free_740.rrd', NULL, 'on', NULL, 300, NULL),
(801, 37, 739, 37, 11, NULL, '|host_description| - Free Space - |query_dskDevice|', 'LocalHost - Free Space - /dev/mapper/cl-', '<path_rra>/localhost_hdd_free_739.rrd', NULL, 'on', NULL, 300, NULL),
(800, 16, 738, 16, 7, NULL, '|host_description| - Processes', 'LocalHost - Processes', '<path_rra>/localhost_proc_738.rrd', NULL, 'on', NULL, 300, NULL),
(799, 17, 737, 17, 5, NULL, '|host_description| - Logged in Users', 'LocalHost - Logged in Users', '<path_rra>/localhost_users_737.rrd', NULL, 'on', NULL, 300, NULL),
(798, 11, 736, 11, 4, NULL, '|host_description| - Load Average', 'LocalHost - Load Average', '<path_rra>/localhost_load_1min_736.rrd', NULL, 'on', NULL, 300, NULL),
(796, 13, 734, 13, 6, NULL, '|host_description| - Memory - Free', 'LocalHost - Memory - Free', '<path_rra>/localhost_mem_buffers_734.rrd', NULL, 'on', NULL, 300, NULL),
(797, 15, 735, 15, 6, NULL, '|host_description| - Memory - Free Swap', 'LocalHost - Memory - Free Swap', '<path_rra>/localhost_mem_swap_735.rrd', NULL, 'on', NULL, 300, NULL);

-- --------------------------------------------------------

--
-- 表的结构 `data_template_data_rra`
--

CREATE TABLE `data_template_data_rra` (
  `data_template_data_id` mediumint(8) UNSIGNED NOT NULL DEFAULT 0,
  `rra_id` mediumint(8) UNSIGNED NOT NULL DEFAULT 0
) ENGINE=MyISAM DEFAULT CHARSET=latin1;

--
-- 转存表中的数据 `data_template_data_rra`
--

INSERT INTO `data_template_data_rra` (`data_template_data_id`, `rra_id`) VALUES
(3, 1),
(3, 2),
(3, 3),
(3, 4),
(4, 1),
(4, 2),
(4, 3),
(4, 4),
(5, 1),
(5, 2),
(5, 3),
(5, 4),
(6, 1),
(6, 2),
(6, 3),
(6, 4),
(7, 1),
(7, 2),
(7, 3),
(7, 4),
(8, 1),
(8, 2),
(8, 3),
(8, 4),
(9, 1),
(9, 2),
(9, 3),
(9, 4),
(10, 1),
(10, 2),
(10, 3),
(10, 4),
(11, 1),
(11, 2),
(11, 3),
(11, 4),
(13, 1),
(13, 2),
(13, 3),
(13, 4),
(15, 1),
(15, 2),
(15, 3),
(15, 4),
(16, 1),
(16, 2),
(16, 3),
(16, 4),
(17, 1),
(17, 2),
(17, 3),
(17, 4),
(18, 1),
(18, 2),
(18, 3),
(18, 4),
(19, 1),
(19, 2),
(19, 3),
(19, 4),
(20, 1),
(20, 2),
(20, 3),
(20, 4),
(22, 1),
(22, 2),
(22, 3),
(22, 4),
(23, 1),
(23, 2),
(23, 3),
(23, 4),
(24, 1),
(24, 2),
(24, 3),
(24, 4),
(25, 1),
(25, 2),
(25, 3),
(25, 4),
(26, 1),
(26, 2),
(26, 3),
(26, 4),
(27, 1),
(27, 2),
(27, 3),
(27, 4),
(30, 1),
(30, 2),
(30, 3),
(30, 4),
(31, 1),
(31, 2),
(31, 3),
(31, 4),
(32, 1),
(32, 2),
(32, 3),
(32, 4),
(33, 1),
(33, 2),
(33, 3),
(33, 4),
(34, 1),
(34, 2),
(34, 3),
(34, 4),
(35, 1),
(35, 2),
(35, 3),
(35, 4),
(36, 1),
(36, 2),
(36, 3),
(36, 4),
(37, 1),
(37, 2),
(37, 3),
(37, 4),
(38, 1),
(38, 2),
(38, 3),
(38, 4),
(39, 1),
(39, 2),
(39, 3),
(39, 4),
(40, 1),
(40, 2),
(40, 3),
(40, 4),
(41, 1),
(41, 2),
(41, 3),
(41, 4),
(55, 1),
(55, 2),
(55, 3),
(55, 4),
(56, 1),
(56, 2),
(56, 3),
(56, 4),
(57, 1),
(57, 2),
(57, 3),
(57, 4),
(58, 1),
(58, 2),
(58, 3),
(58, 4),
(59, 1),
(59, 2),
(59, 3),
(59, 4),
(62, 1),
(62, 2),
(62, 3),
(62, 4),
(63, 1),
(63, 2),
(63, 3),
(63, 4),
(64, 1),
(64, 2),
(64, 3),
(64, 4),
(65, 1),
(65, 2),
(65, 3),
(65, 4),
(66, 1),
(66, 2),
(66, 3),
(66, 4),
(68, 1),
(68, 2),
(68, 3),
(68, 4),
(69, 1),
(69, 2),
(69, 3),
(69, 4),
(70, 1),
(70, 2),
(70, 3),
(70, 4),
(71, 1),
(71, 2),
(71, 3),
(71, 4),
(72, 1),
(72, 2),
(72, 3),
(72, 4),
(73, 1),
(73, 2),
(73, 3),
(73, 4),
(74, 1),
(74, 2),
(74, 3),
(74, 4),
(75, 1),
(75, 2),
(75, 3),
(75, 4),
(76, 1),
(76, 2),
(76, 3),
(76, 4),
(77, 1),
(77, 2),
(77, 3),
(77, 4),
(78, 1),
(78, 2),
(78, 3),
(78, 4),
(79, 1),
(79, 2),
(79, 3),
(79, 4),
(80, 1),
(80, 2),
(80, 3),
(80, 4),
(81, 1),
(81, 2),
(81, 3),
(81, 4),
(82, 1),
(82, 2),
(82, 3),
(82, 4),
(83, 1),
(83, 2),
(83, 3),
(83, 4),
(84, 1),
(84, 2),
(84, 3),
(84, 4),
(85, 1),
(85, 2),
(85, 3),
(85, 4),
(86, 1),
(86, 2),
(86, 3),
(86, 4),
(87, 1),
(87, 2),
(87, 3),
(87, 4),
(88, 1),
(88, 2),
(88, 3),
(88, 4),
(89, 1),
(89, 2),
(89, 3),
(89, 4),
(90, 1),
(90, 2),
(90, 3),
(90, 4),
(91, 1),
(91, 2),
(91, 3),
(91, 4),
(92, 1),
(92, 2),
(92, 3),
(92, 4),
(93, 1),
(93, 2),
(93, 3),
(93, 4),
(94, 1),
(94, 2),
(94, 3),
(94, 4),
(95, 1),
(95, 2),
(95, 3),
(95, 4),
(96, 1),
(96, 2),
(96, 3),
(96, 4),
(97, 1),
(97, 2),
(97, 3),
(97, 4),
(98, 1),
(98, 2),
(98, 3),
(98, 4),
(99, 1),
(99, 2),
(99, 3),
(99, 4),
(100, 1),
(100, 2),
(100, 3),
(100, 4),
(101, 1),
(101, 2),
(101, 3),
(101, 4),
(102, 1),
(102, 2),
(102, 3),
(102, 4),
(103, 1),
(103, 2),
(103, 3),
(103, 4),
(104, 1),
(104, 2),
(104, 3),
(104, 4),
(105, 1),
(105, 2),
(105, 3),
(105, 4),
(106, 1),
(106, 2),
(106, 3),
(106, 4),
(107, 1),
(107, 2),
(107, 3),
(107, 4),
(108, 1),
(108, 2),
(108, 3),
(108, 4),
(109, 1),
(109, 2),
(109, 3),
(109, 4),
(110, 1),
(110, 2),
(110, 3),
(110, 4),
(111, 1),
(111, 2),
(111, 3),
(111, 4),
(112, 1),
(112, 2),
(112, 3),
(112, 4),
(113, 1),
(113, 2),
(113, 3),
(113, 4),
(114, 1),
(114, 2),
(114, 3),
(114, 4),
(115, 1),
(115, 2),
(115, 3),
(115, 4),
(116, 1),
(116, 2),
(116, 3),
(116, 4),
(117, 1),
(117, 2),
(117, 3),
(117, 4),
(118, 1),
(118, 2),
(118, 3),
(118, 4),
(119, 1),
(119, 2),
(119, 3),
(119, 4),
(120, 1),
(120, 2),
(120, 3),
(120, 4),
(121, 1),
(121, 2),
(121, 3),
(121, 4),
(122, 1),
(122, 2),
(122, 3),
(122, 4),
(123, 1),
(123, 2),
(123, 3),
(123, 4),
(124, 1),
(124, 2),
(124, 3),
(124, 4),
(125, 1),
(125, 2),
(125, 3),
(125, 4),
(126, 1),
(126, 2),
(126, 3),
(126, 4),
(127, 1),
(127, 2),
(127, 3),
(127, 4),
(128, 1),
(128, 2),
(128, 3),
(128, 4),
(129, 1),
(129, 2),
(129, 3),
(129, 4),
(130, 1),
(130, 2),
(130, 3),
(130, 4),
(131, 1),
(131, 2),
(131, 3),
(131, 4),
(132, 1),
(132, 2),
(132, 3),
(132, 4),
(133, 1),
(133, 2),
(133, 3),
(133, 4),
(134, 1),
(134, 2),
(134, 3),
(134, 4),
(135, 1),
(135, 2),
(135, 3),
(135, 4),
(136, 1),
(136, 2),
(136, 3),
(136, 4),
(137, 1),
(137, 2),
(137, 3),
(137, 4),
(138, 1),
(138, 2),
(138, 3),
(138, 4),
(139, 1),
(139, 2),
(139, 3),
(139, 4),
(140, 1),
(140, 2),
(140, 3),
(140, 4),
(141, 1),
(141, 2),
(141, 3),
(141, 4),
(142, 1),
(142, 2),
(142, 3),
(142, 4),
(143, 1),
(143, 2),
(143, 3),
(143, 4),
(144, 1),
(144, 2),
(144, 3),
(144, 4),
(145, 1),
(145, 2),
(145, 3),
(145, 4),
(146, 1),
(146, 2),
(146, 3),
(146, 4),
(147, 1),
(147, 2),
(147, 3),
(147, 4),
(148, 1),
(148, 2),
(148, 3),
(148, 4),
(149, 1),
(149, 2),
(149, 3),
(149, 4),
(150, 1),
(150, 2),
(150, 3),
(150, 4),
(151, 1),
(151, 2),
(151, 3),
(151, 4),
(152, 1),
(152, 2),
(152, 3),
(152, 4),
(153, 1),
(153, 2),
(153, 3),
(153, 4),
(154, 1),
(154, 2),
(154, 3),
(154, 4),
(155, 1),
(155, 2),
(155, 3),
(155, 4),
(156, 1),
(156, 2),
(156, 3),
(156, 4),
(157, 1),
(157, 2),
(157, 3),
(157, 4),
(158, 1),
(158, 2),
(158, 3),
(158, 4),
(159, 1),
(159, 2),
(159, 3),
(159, 4),
(160, 1),
(160, 2),
(160, 3),
(160, 4),
(161, 1),
(161, 2),
(161, 3),
(161, 4),
(162, 1),
(162, 2),
(162, 3),
(162, 4),
(163, 1),
(163, 2),
(163, 3),
(163, 4),
(164, 1),
(164, 2),
(164, 3),
(164, 4),
(165, 1),
(165, 2),
(165, 3),
(165, 4),
(166, 1),
(166, 2),
(166, 3),
(166, 4),
(167, 1),
(167, 2),
(167, 3),
(167, 4),
(168, 1),
(168, 2),
(168, 3),
(168, 4),
(169, 1),
(169, 2),
(169, 3),
(169, 4),
(170, 1),
(170, 2),
(170, 3),
(170, 4),
(171, 1),
(171, 2),
(171, 3),
(171, 4),
(172, 1),
(172, 2),
(172, 3),
(172, 4),
(173, 1),
(173, 2),
(173, 3),
(173, 4),
(174, 1),
(174, 2),
(174, 3),
(174, 4),
(175, 1),
(175, 2),
(175, 3),
(175, 4),
(176, 1),
(176, 2),
(176, 3),
(176, 4),
(177, 1),
(177, 2),
(177, 3),
(177, 4),
(178, 1),
(178, 2),
(178, 3),
(178, 4),
(179, 1),
(179, 2),
(179, 3),
(179, 4),
(180, 1),
(180, 2),
(180, 3),
(180, 4),
(181, 1),
(181, 2),
(181, 3),
(181, 4),
(182, 1),
(182, 2),
(182, 3),
(182, 4),
(183, 1),
(183, 2),
(183, 3),
(183, 4),
(184, 1),
(184, 2),
(184, 3),
(184, 4),
(185, 1),
(185, 2),
(185, 3),
(185, 4),
(186, 1),
(186, 2),
(186, 3),
(186, 4),
(187, 1),
(187, 2),
(187, 3),
(187, 4),
(188, 1),
(188, 2),
(188, 3),
(188, 4),
(189, 1),
(189, 2),
(189, 3),
(189, 4),
(190, 1),
(190, 2),
(190, 3),
(190, 4),
(191, 1),
(191, 2),
(191, 3),
(191, 4),
(192, 1),
(192, 2),
(192, 3),
(192, 4),
(193, 1),
(193, 2),
(193, 3),
(193, 4),
(194, 1),
(194, 2),
(194, 3),
(194, 4),
(195, 1),
(195, 2),
(195, 3),
(195, 4),
(196, 1),
(196, 2),
(196, 3),
(196, 4),
(197, 1),
(197, 2),
(197, 3),
(197, 4),
(198, 1),
(198, 2),
(198, 3),
(198, 4),
(199, 1),
(199, 2),
(199, 3),
(199, 4),
(200, 1),
(200, 2),
(200, 3),
(200, 4),
(201, 1),
(201, 2),
(201, 3),
(201, 4),
(202, 1),
(202, 2),
(202, 3),
(202, 4),
(203, 1),
(203, 2),
(203, 3),
(203, 4),
(204, 1),
(204, 2),
(204, 3),
(204, 4),
(205, 1),
(205, 2),
(205, 3),
(205, 4),
(206, 1),
(206, 2),
(206, 3),
(206, 4),
(207, 1),
(207, 2),
(207, 3),
(207, 4),
(208, 1),
(208, 2),
(208, 3),
(208, 4),
(209, 1),
(209, 2),
(209, 3),
(209, 4),
(210, 1),
(210, 2),
(210, 3),
(210, 4),
(211, 1),
(211, 2),
(211, 3),
(211, 4),
(212, 1),
(212, 2),
(212, 3),
(212, 4),
(213, 1),
(213, 2),
(213, 3),
(213, 4),
(214, 1),
(214, 2),
(214, 3),
(214, 4),
(215, 1),
(215, 2),
(215, 3),
(215, 4),
(216, 1),
(216, 2),
(216, 3),
(216, 4),
(217, 1),
(217, 2),
(217, 3),
(217, 4),
(218, 1),
(218, 2),
(218, 3),
(218, 4),
(219, 1),
(219, 2),
(219, 3),
(219, 4),
(220, 1),
(220, 2),
(220, 3),
(220, 4),
(221, 1),
(221, 2),
(221, 3),
(221, 4),
(222, 1),
(222, 2),
(222, 3),
(222, 4),
(223, 1),
(223, 2),
(223, 3),
(223, 4),
(224, 1),
(224, 2),
(224, 3),
(224, 4),
(225, 1),
(225, 2),
(225, 3),
(225, 4),
(226, 1),
(226, 2),
(226, 3),
(226, 4),
(227, 1),
(227, 2),
(227, 3),
(227, 4),
(243, 1),
(243, 2),
(243, 3),
(243, 4),
(244, 1),
(244, 2),
(244, 3),
(244, 4),
(245, 1),
(245, 2),
(245, 3),
(245, 4),
(246, 1),
(246, 2),
(246, 3),
(246, 4),
(247, 1),
(247, 2),
(247, 3),
(247, 4),
(248, 1),
(248, 2),
(248, 3),
(248, 4),
(282, 1),
(282, 2),
(282, 3),
(282, 4),
(283, 1),
(283, 2),
(283, 3),
(283, 4),
(284, 1),
(284, 2),
(284, 3),
(284, 4),
(285, 1),
(285, 2),
(285, 3),
(285, 4),
(286, 1),
(286, 2),
(286, 3),
(286, 4),
(287, 1),
(287, 2),
(287, 3),
(287, 4),
(288, 1),
(288, 2),
(288, 3),
(288, 4),
(289, 1),
(289, 2),
(289, 3),
(289, 4),
(290, 1),
(290, 2),
(290, 3),
(290, 4),
(291, 1),
(291, 2),
(291, 3),
(291, 4),
(292, 1),
(292, 2),
(292, 3),
(292, 4),
(293, 1),
(293, 2),
(293, 3),
(293, 4),
(294, 1),
(294, 2),
(294, 3),
(294, 4),
(295, 1),
(295, 2),
(295, 3),
(295, 4),
(296, 1),
(296, 2),
(296, 3),
(296, 4),
(297, 1),
(297, 2),
(297, 3),
(297, 4),
(298, 1),
(298, 2),
(298, 3),
(298, 4),
(299, 1),
(299, 2),
(299, 3),
(299, 4),
(300, 1),
(300, 2),
(300, 3),
(300, 4),
(301, 1),
(301, 2),
(301, 3),
(301, 4),
(302, 1),
(302, 2),
(302, 3),
(302, 4),
(303, 1),
(303, 2),
(303, 3),
(303, 4),
(304, 1),
(304, 2),
(304, 3),
(304, 4),
(305, 1),
(305, 2),
(305, 3),
(305, 4),
(306, 1),
(306, 2),
(306, 3),
(306, 4),
(307, 1),
(307, 2),
(307, 3),
(307, 4),
(308, 1),
(308, 2),
(308, 3),
(308, 4),
(309, 1),
(309, 2),
(309, 3),
(309, 4),
(310, 1),
(310, 2),
(310, 3),
(310, 4),
(311, 1),
(311, 2),
(311, 3),
(311, 4),
(312, 1),
(312, 2),
(312, 3),
(312, 4),
(313, 1),
(313, 2),
(313, 3),
(313, 4),
(314, 1),
(314, 2),
(314, 3),
(314, 4),
(315, 1),
(315, 2),
(315, 3),
(315, 4),
(316, 1),
(316, 2),
(316, 3),
(316, 4),
(317, 1),
(317, 2),
(317, 3),
(317, 4),
(318, 1),
(318, 2),
(318, 3),
(318, 4),
(319, 1),
(319, 2),
(319, 3),
(319, 4),
(320, 1),
(320, 2),
(320, 3),
(320, 4),
(321, 1),
(321, 2),
(321, 3),
(321, 4),
(322, 1),
(322, 2),
(322, 3),
(322, 4),
(323, 1),
(323, 2),
(323, 3),
(323, 4),
(324, 1),
(324, 2),
(324, 3),
(324, 4),
(325, 1),
(325, 2),
(325, 3),
(325, 4),
(326, 1),
(326, 2),
(326, 3),
(326, 4),
(327, 1),
(327, 2),
(327, 3),
(327, 4),
(328, 1),
(328, 2),
(328, 3),
(328, 4),
(329, 1),
(329, 2),
(329, 3),
(329, 4),
(330, 1),
(330, 2),
(330, 3),
(330, 4),
(331, 1),
(331, 2),
(331, 3),
(331, 4),
(332, 1),
(332, 2),
(332, 3),
(332, 4),
(333, 1),
(333, 2),
(333, 3),
(333, 4),
(334, 1),
(334, 2),
(334, 3),
(334, 4),
(335, 1),
(335, 2),
(335, 3),
(335, 4),
(336, 1),
(336, 2),
(336, 3),
(336, 4),
(337, 1),
(337, 2),
(337, 3),
(337, 4),
(338, 1),
(338, 2),
(338, 3),
(338, 4),
(339, 1),
(339, 2),
(339, 3),
(339, 4),
(340, 1),
(340, 2),
(340, 3),
(340, 4),
(341, 1),
(341, 2),
(341, 3),
(341, 4),
(342, 1),
(342, 2),
(342, 3),
(342, 4),
(343, 1),
(343, 2),
(343, 3),
(343, 4),
(344, 1),
(344, 2),
(344, 3),
(344, 4),
(345, 1),
(345, 2),
(345, 3),
(345, 4),
(346, 1),
(346, 2),
(346, 3),
(346, 4),
(347, 1),
(347, 2),
(347, 3),
(347, 4),
(348, 1),
(348, 2),
(348, 3),
(348, 4),
(349, 1),
(349, 2),
(349, 3),
(349, 4),
(350, 1),
(350, 2),
(350, 3),
(350, 4),
(351, 1),
(351, 2),
(351, 3),
(351, 4),
(352, 1),
(352, 2),
(352, 3),
(352, 4),
(353, 1),
(353, 2),
(353, 3),
(353, 4),
(354, 1),
(354, 2),
(354, 3),
(354, 4),
(355, 1),
(355, 2),
(355, 3),
(355, 4),
(356, 1),
(356, 2),
(356, 3),
(356, 4),
(357, 1),
(357, 2),
(357, 3),
(357, 4),
(358, 1),
(358, 2),
(358, 3),
(358, 4),
(359, 1),
(359, 2),
(359, 3),
(359, 4),
(360, 1),
(360, 2),
(360, 3),
(360, 4),
(361, 1),
(361, 2),
(361, 3),
(361, 4),
(362, 1),
(362, 2),
(362, 3),
(362, 4),
(363, 1),
(363, 2),
(363, 3),
(363, 4),
(364, 1),
(364, 2),
(364, 3),
(364, 4),
(365, 1),
(365, 2),
(365, 3),
(365, 4),
(366, 1),
(366, 2),
(366, 3),
(366, 4),
(367, 1),
(367, 2),
(367, 3),
(367, 4),
(368, 1),
(368, 2),
(368, 3),
(368, 4),
(369, 1),
(369, 2),
(369, 3),
(369, 4),
(370, 1),
(370, 2),
(370, 3),
(370, 4),
(371, 1),
(371, 2),
(371, 3),
(371, 4),
(372, 1),
(372, 2),
(372, 3),
(372, 4),
(373, 1),
(373, 2),
(373, 3),
(373, 4),
(374, 1),
(374, 2),
(374, 3),
(374, 4),
(375, 1),
(375, 2),
(375, 3),
(375, 4),
(376, 1),
(376, 2),
(376, 3),
(376, 4),
(377, 1),
(377, 2),
(377, 3),
(377, 4),
(378, 1),
(378, 2),
(378, 3),
(378, 4),
(379, 1),
(379, 2),
(379, 3),
(379, 4),
(380, 1),
(380, 2),
(380, 3),
(380, 4),
(385, 1),
(385, 2),
(385, 3),
(385, 4),
(386, 1),
(386, 2),
(386, 3),
(386, 4),
(456, 1),
(456, 2),
(456, 3),
(456, 4),
(457, 1),
(457, 2),
(457, 3),
(457, 4),
(458, 1),
(458, 2),
(458, 3),
(458, 4),
(459, 1),
(459, 2),
(459, 3),
(459, 4),
(460, 1),
(460, 2),
(460, 3),
(460, 4),
(461, 1),
(461, 2),
(461, 3),
(461, 4),
(462, 1),
(462, 2),
(462, 3),
(462, 4),
(463, 1),
(463, 2),
(463, 3),
(463, 4),
(464, 1),
(464, 2),
(464, 3),
(464, 4),
(465, 1),
(465, 2),
(465, 3),
(465, 4),
(466, 1),
(466, 2),
(466, 3),
(466, 4),
(467, 1),
(467, 2),
(467, 3),
(467, 4),
(468, 1),
(468, 2),
(468, 3),
(468, 4),
(469, 1),
(469, 2),
(469, 3),
(469, 4),
(470, 1),
(470, 2),
(470, 3),
(470, 4),
(471, 1),
(471, 2),
(471, 3),
(471, 4),
(472, 1),
(472, 2),
(472, 3),
(472, 4),
(473, 1),
(473, 2),
(473, 3),
(473, 4),
(474, 1),
(474, 2),
(474, 3),
(474, 4),
(475, 1),
(475, 2),
(475, 3),
(475, 4),
(476, 1),
(476, 2),
(476, 3),
(476, 4),
(477, 1),
(477, 2),
(477, 3),
(477, 4),
(478, 1),
(478, 2),
(478, 3),
(478, 4),
(479, 1),
(479, 2),
(479, 3),
(479, 4),
(480, 1),
(480, 2),
(480, 3),
(480, 4),
(481, 1),
(481, 2),
(481, 3),
(481, 4),
(482, 1),
(482, 2),
(482, 3),
(482, 4),
(483, 1),
(483, 2),
(483, 3),
(483, 4),
(484, 1),
(484, 2),
(484, 3),
(484, 4),
(485, 1),
(485, 2),
(485, 3),
(485, 4),
(486, 1),
(486, 2),
(486, 3),
(486, 4),
(487, 1),
(487, 2),
(487, 3),
(487, 4),
(488, 1),
(488, 2),
(488, 3),
(488, 4),
(489, 1),
(489, 2),
(489, 3),
(489, 4),
(490, 1),
(490, 2),
(490, 3),
(490, 4),
(491, 1),
(491, 2),
(491, 3),
(491, 4),
(492, 1),
(492, 2),
(492, 3),
(492, 4),
(493, 1),
(493, 2),
(493, 3),
(493, 4),
(494, 1),
(494, 2),
(494, 3),
(494, 4),
(495, 1),
(495, 2),
(495, 3),
(495, 4),
(496, 1),
(496, 2),
(496, 3),
(496, 4),
(497, 1),
(497, 2),
(497, 3),
(497, 4),
(498, 1),
(498, 2),
(498, 3),
(498, 4),
(499, 1),
(499, 2),
(499, 3),
(499, 4),
(500, 1),
(500, 2),
(500, 3),
(500, 4),
(501, 1),
(501, 2),
(501, 3),
(501, 4),
(502, 1),
(502, 2),
(502, 3),
(502, 4),
(503, 1),
(503, 2),
(503, 3),
(503, 4),
(504, 1),
(504, 2),
(504, 3),
(504, 4),
(505, 1),
(505, 2),
(505, 3),
(505, 4),
(506, 1),
(506, 2),
(506, 3),
(506, 4),
(507, 1),
(507, 2),
(507, 3),
(507, 4),
(508, 1),
(508, 2),
(508, 3),
(508, 4),
(509, 1),
(509, 2),
(509, 3),
(509, 4),
(510, 1),
(510, 2),
(510, 3),
(510, 4),
(511, 1),
(511, 2),
(511, 3),
(511, 4),
(512, 1),
(512, 2),
(512, 3),
(512, 4),
(513, 1),
(513, 2),
(513, 3),
(513, 4),
(521, 1),
(521, 2),
(521, 3),
(521, 4),
(767, 1),
(767, 2),
(767, 3),
(767, 4),
(768, 1),
(768, 2),
(768, 3),
(768, 4),
(769, 1),
(769, 2),
(769, 3),
(769, 4),
(770, 1),
(770, 2),
(770, 3),
(770, 4),
(771, 1),
(771, 2),
(771, 3),
(771, 4),
(772, 1),
(772, 2),
(772, 3),
(772, 4),
(773, 1),
(773, 2),
(773, 3),
(773, 4),
(774, 1),
(774, 2),
(774, 3),
(774, 4),
(775, 1),
(775, 2),
(775, 3),
(775, 4),
(776, 1),
(776, 2),
(776, 3),
(776, 4),
(777, 1),
(777, 2),
(777, 3),
(777, 4),
(778, 1),
(778, 2),
(778, 3),
(778, 4),
(779, 1),
(779, 2),
(779, 3),
(779, 4),
(780, 1),
(780, 2),
(780, 3),
(780, 4),
(781, 1),
(781, 2),
(781, 3),
(781, 4),
(782, 1),
(782, 2),
(782, 3),
(782, 4),
(783, 1),
(783, 2),
(783, 3),
(783, 4),
(784, 1),
(784, 2),
(784, 3),
(784, 4),
(785, 1),
(785, 2),
(785, 3),
(785, 4),
(786, 1),
(786, 2),
(786, 3),
(786, 4),
(787, 1),
(787, 2),
(787, 3),
(787, 4),
(788, 1),
(788, 2),
(788, 3),
(788, 4),
(789, 1),
(789, 2),
(789, 3),
(789, 4),
(790, 1),
(790, 2),
(790, 3),
(790, 4),
(791, 1),
(791, 2),
(791, 3),
(791, 4),
(792, 1),
(792, 2),
(792, 3),
(792, 4),
(793, 1),
(793, 2),
(793, 3),
(793, 4),
(794, 1),
(794, 2),
(794, 3),
(794, 4),
(795, 1),
(795, 2),
(795, 3),
(795, 4),
(796, 1),
(796, 2),
(796, 3),
(796, 4),
(797, 1),
(797, 2),
(797, 3),
(797, 4),
(798, 1),
(798, 2),
(798, 3),
(798, 4),
(799, 1),
(799, 2),
(799, 3),
(799, 4),
(800, 1),
(800, 2),
(800, 3),
(800, 4),
(801, 1),
(801, 2),
(801, 3),
(801, 4),
(802, 1),
(802, 2),
(802, 3),
(802, 4);

-- --------------------------------------------------------

--
-- 表的结构 `data_template_rrd`
--

CREATE TABLE `data_template_rrd` (
  `id` mediumint(8) UNSIGNED NOT NULL,
  `hash` varchar(32) NOT NULL DEFAULT '',
  `local_data_template_rrd_id` mediumint(8) UNSIGNED NOT NULL DEFAULT 0,
  `local_data_id` mediumint(8) UNSIGNED NOT NULL DEFAULT 0,
  `data_template_id` mediumint(8) UNSIGNED NOT NULL DEFAULT 0,
  `t_rrd_maximum` char(2) DEFAULT NULL,
  `rrd_maximum` varchar(20) NOT NULL DEFAULT '0',
  `t_rrd_minimum` char(2) DEFAULT NULL,
  `rrd_minimum` varchar(20) NOT NULL DEFAULT '0',
  `t_rrd_heartbeat` char(2) DEFAULT NULL,
  `rrd_heartbeat` mediumint(6) NOT NULL DEFAULT 0,
  `t_data_source_type_id` char(2) DEFAULT NULL,
  `data_source_type_id` smallint(5) NOT NULL DEFAULT 0,
  `t_data_source_name` char(2) DEFAULT NULL,
  `data_source_name` varchar(19) NOT NULL DEFAULT '',
  `t_data_input_field_id` char(2) DEFAULT NULL,
  `data_input_field_id` mediumint(8) UNSIGNED NOT NULL DEFAULT 0
) ENGINE=MyISAM DEFAULT CHARSET=latin1;

--
-- 转存表中的数据 `data_template_rrd`
--

INSERT INTO `data_template_rrd` (`id`, `hash`, `local_data_template_rrd_id`, `local_data_id`, `data_template_id`, `t_rrd_maximum`, `rrd_maximum`, `t_rrd_minimum`, `rrd_minimum`, `t_rrd_heartbeat`, `rrd_heartbeat`, `t_data_source_type_id`, `data_source_type_id`, `t_data_source_name`, `data_source_name`, `t_data_input_field_id`, `data_input_field_id`) VALUES
(3, '2d53f9c76767a2ae8909f4152fd473a4', 0, 0, 3, '', '0', '', '0', '', 600, '', 1, '', 'hdd_free', '', 0),
(4, '93d91aa7a3cc5473e7b195d5d6e6e675', 0, 0, 3, '', '0', '', '0', '', 600, '', 1, '', 'hdd_used', '', 0),
(5, '7bee7987bbf30a3bc429d2a67c6b2595', 0, 0, 4, '', '100', '', '0', '', 600, '', 2, '', 'cpu_system', '', 0),
(6, 'ddccd7fbdece499da0235b4098b87f9e', 0, 0, 5, '', '100', '', '0', '', 600, '', 2, '', 'cpu_user', '', 0),
(7, '122ab2097f8c6403b7b90cde7b9e2bc2', 0, 0, 6, '', '100', '', '0', '', 600, '', 2, '', 'cpu_nice', '', 0),
(8, '34f50c820092ea0fecba25b4b94a7946', 0, 0, 7, '', '100', '', '0', '', 600, '', 1, '', 'wrls_noise', '', 0),
(9, '830b811d1834e5ba0e2af93bd92db057', 0, 0, 8, '', '100', '', '0', '', 600, '', 1, '', 'wrls_signal', '', 0),
(10, '2f1b016a2465eef3f7369f6313cd4a94', 0, 0, 9, '', '1000000', '', '0', '', 600, '', 2, '', 'wrls_transmits', '', 0),
(11, '28ffcecaf8b50e49f676f2d4a822685d', 0, 0, 10, '', '1000000', '', '0', '', 600, '', 2, '', 'wrls_retransmits', '', 0),
(12, '8175ca431c8fe50efff5a1d3ae51b55d', 0, 0, 11, '', '500', '', '0', '', 600, '', 1, '', 'load_1min', '', 17),
(13, 'a2eeb8acd6ea01cd0e3ac852965c0eb6', 0, 0, 11, '', '500', '', '0', '', 600, '', 1, '', 'load_5min', '', 18),
(14, '9f951b7fb3b19285a411aebb5254a831', 0, 0, 11, '', '500', '', '0', '', 600, '', 1, '', 'load_15min', '', 19),
(16, 'a4df3de5238d3beabee1a2fe140d3d80', 0, 0, 13, '', '0', '', '0', '', 600, '', 1, '', 'mem_buffers', '', 23),
(18, '7fea6acc9b1a19484b4cb4cef2b6c5da', 0, 0, 15, '', '0', '', '0', '', 600, '', 1, '', 'mem_swap', '', 23),
(19, 'f1ba3a5b17b95825021241398bb0f277', 0, 0, 16, '', '1000', '', '0', '', 600, '', 1, '', 'proc', '', 24),
(20, '46a5afe8e6c0419172c76421dc9e304a', 0, 0, 17, '', '500', '', '0', '', 600, '', 1, '', 'users', '', 21),
(21, '962fd1994fe9cae87fb36436bdb8a742', 0, 0, 18, '', '5000', '', '0', '', 600, '', 1, '', 'ping', '', 30),
(22, '7a8dd1111a8624369906bf2cd6ea9ca9', 0, 0, 19, '', '100000', '', '0', '', 600, '', 1, '', 'total_users', '', 0),
(23, 'ddb6e74d34d2f1969ce85f809dbac23d', 0, 0, 20, '', '100000', '', '0', '', 600, '', 1, '', 'total_logins', '', 0),
(25, '289311d10336941d33d9a1c48a7b11ee', 0, 0, 22, '', '10000000', '', '0', '', 600, '', 2, '', 'fs_reads', '', 0),
(26, '02216f036cca04655ee2f67fedb6f4f0', 0, 0, 23, '', '10000000', '', '0', '', 600, '', 2, '', 'fs_writes', '', 0),
(27, '9e402c0f29131ef7139c20bd500b4e8a', 0, 0, 24, '', '10000000', '', '0', '', 600, '', 2, '', 'cache_checks', '', 0),
(28, '46717dfe3c8c030d8b5ec0874f9dbdca', 0, 0, 25, '', '1000000', '', '0', '', 600, '', 2, '', 'cache_hits', '', 0),
(29, '7a88a60729af62561812c43bde61dfc1', 0, 0, 26, '', '100000', '', '0', '', 600, '', 1, '', 'open_files', '', 0),
(30, '3c0fd1a188b64a662dfbfa985648397b', 0, 0, 27, '', '100', '', '0', '', 600, '', 1, '', '5min_cpu', '', 0),
(33, 'ed44c2438ef7e46e2aeed2b6c580815c', 0, 0, 30, '', '500', '', '0', '', 600, '', 1, '', 'load_1min', '', 0),
(34, '9b3a00c9e3530d9e58895ac38271361e', 0, 0, 31, '', '500', '', '0', '', 600, '', 1, '', 'load_5min', '', 0),
(35, '6746c2ed836ecc68a71bbddf06b0e5d9', 0, 0, 32, '', '500', '', '0', '', 600, '', 1, '', 'load_15min', '', 0),
(36, '9835d9e1a8c78aa2475d752e8fa74812', 0, 0, 33, '', '10000000', '', '0', '', 600, '', 1, '', 'mem_buffers', '', 0),
(37, '9c78dc1981bcea841b8c827c6dc0d26c', 0, 0, 34, '', '10000000', '', '0', '', 600, '', 1, '', 'mem_free', '', 0),
(38, '62a56dc76fe4cd8566a31b5df0274cc3', 0, 0, 35, '', '0', '', '0', '', 600, '', 1, '', 'vol_total', '', 0),
(39, '2e366ab49d0e0238fb4e3141ea5a88c3', 0, 0, 35, '', '0', '', '0', '', 600, '', 1, '', 'vol_free', '', 0),
(40, 'dceedc84718dd93a5affe4b190bca810', 0, 0, 35, '', '0', '', '0', '', 600, '', 1, '', 'vol_freeable', '', 0),
(42, '93330503f1cf67db00d8fe636035e545', 0, 0, 36, '', '100000000000', '', '0', '', 600, '', 1, '', 'dir_total', '', 0),
(43, '6b0fe4aa6aaf22ef9cfbbe96d87fa0d7', 0, 0, 36, '', '100000000000', '', '0', '', 600, '', 1, '', 'dir_used', '', 0),
(44, '4c82df790325d789d304e6ee5cd4ab7d', 0, 0, 37, '', '0', '', '0', '', 600, '', 1, '', 'hdd_free', '', 0),
(46, 'c802e2fd77f5b0a4c4298951bf65957c', 0, 0, 38, '', '10000000', '', '0', '', 600, '', 2, '', 'errors_in', '', 0),
(47, '4e2a72240955380dc8ffacfcc8c09874', 0, 0, 38, '', '10000000', '', '0', '', 600, '', 2, '', 'discards_in', '', 0),
(48, '636672962b5bb2f31d86985e2ab4bdfe', 0, 0, 39, '', '1000000000', '', '0', '', 600, '', 2, '', 'unicast_in', '', 0),
(49, '18ce92c125a236a190ee9dd948f56268', 0, 0, 39, '', '1000000000', '', '0', '', 600, '', 2, '', 'unicast_out', '', 0),
(50, '13ebb33f9cbccfcba828db1075a8167c', 0, 0, 38, '', '10000000', '', '0', '', 600, '', 2, '', 'discards_out', '', 0),
(51, '31399c3725bee7e09ec04049e3d5cd17', 0, 0, 38, '', '10000000', '', '0', '', 600, '', 2, '', 'errors_out', '', 0),
(52, '7be68cbc4ee0b2973eb9785f8c7a35c7', 0, 0, 40, '', '1000000000', '', '0', '', 600, '', 2, '', 'nonunicast_out', '', 0),
(53, '93e2b6f59b10b13f2ddf2da3ae98b89a', 0, 0, 40, '', '1000000000', '', '0', '', 600, '', 2, '', 'nonunicast_in', '', 0),
(54, '2df25c57022b0c7e7d0be4c035ada1a0', 0, 0, 41, 'on', '100000000', '', '0', '', 600, '', 2, '', 'traffic_in', '', 0),
(55, '721c0794526d1ac1c359f27dc56faa49', 0, 0, 41, 'on', '100000000', '', '0', '', 600, '', 2, '', 'traffic_out', '', 0),
(56, '07175541991def89bd02d28a215f6fcc', 0, 0, 37, '', '0', '', '0', '', 600, '', 1, '', 'hdd_used', '', 0),
(76, '07492e5cace6d74e7db3cb1fc005a3f3', 0, 0, 42, '', '100', '', '0', '', 600, '', 1, '', 'cpu', '', 0),
(78, '0ee6bb54957f6795a5369a29f818d860', 0, 0, 43, '', '0', '', '0', '', 600, '', 1, '', 'hdd_used', '', 0),
(79, '9825aaf7c0bdf1554c5b4b86680ac2c0', 0, 0, 44, '', '100', '', '0', '', 600, '', 1, '', 'cpu', '', 0),
(80, '50ccbe193c6c7fc29fb9f726cd6c48ee', 0, 0, 45, '', '1000', '', '0', '', 600, '', 1, '', 'proc', '', 0),
(81, '9464c91bcff47f23085ae5adae6ab987', 0, 0, 46, '', '5000', '', '0', '', 600, '', 1, '', 'users', '', 0),
(92, '165a0da5f461561c85d092dfe96b9551', 0, 0, 43, '', '0', '', '0', '', 600, '', 1, '', 'hdd_total', '', 0),
(95, '7a6ca455bbeff99ca891371bc77d5cf9', 0, 0, 47, '', '10000000', '', '0', '', 600, '', 1, '', 'mem_cache', '', 0),
(96, '224b83ea73f55f8a861bcf4c9bea0472', 0, 0, 48, 'on', '100', '', '0', '', 600, 'on', 1, '', 'snmp_oid', '', 0),
(1185, '', 56, 740, 37, NULL, '0', NULL, '0', NULL, 600, NULL, 1, NULL, 'hdd_used', NULL, 0),
(1184, '', 44, 740, 37, NULL, '0', NULL, '0', NULL, 600, NULL, 1, NULL, 'hdd_free', NULL, 0),
(1183, '', 56, 739, 37, NULL, '0', NULL, '0', NULL, 600, NULL, 1, NULL, 'hdd_used', NULL, 0),
(1182, '', 44, 739, 37, NULL, '0', NULL, '0', NULL, 600, NULL, 1, NULL, 'hdd_free', NULL, 0),
(1181, '', 19, 738, 16, NULL, '1000', NULL, '0', NULL, 600, NULL, 1, NULL, 'proc', NULL, 24),
(1180, '', 20, 737, 17, NULL, '500', NULL, '0', NULL, 600, NULL, 1, NULL, 'users', NULL, 21),
(1179, '', 14, 736, 11, NULL, '500', NULL, '0', NULL, 600, NULL, 1, NULL, 'load_15min', NULL, 19),
(1178, '', 13, 736, 11, NULL, '500', NULL, '0', NULL, 600, NULL, 1, NULL, 'load_5min', NULL, 18),
(1177, '', 12, 736, 11, NULL, '500', NULL, '0', NULL, 600, NULL, 1, NULL, 'load_1min', NULL, 17),
(1176, '', 18, 735, 15, NULL, '0', NULL, '0', NULL, 600, NULL, 1, NULL, 'mem_swap', NULL, 23),
(1175, '', 16, 734, 13, NULL, '0', NULL, '0', NULL, 600, NULL, 1, NULL, 'mem_buffers', NULL, 23);

-- --------------------------------------------------------

--
-- 表的结构 `graph_local`
--

CREATE TABLE `graph_local` (
  `id` mediumint(8) UNSIGNED NOT NULL,
  `graph_template_id` mediumint(8) UNSIGNED NOT NULL DEFAULT 0,
  `host_id` mediumint(8) UNSIGNED NOT NULL DEFAULT 0,
  `snmp_query_id` mediumint(8) NOT NULL DEFAULT 0,
  `snmp_index` varchar(255) NOT NULL DEFAULT ''
) ENGINE=MyISAM DEFAULT CHARSET=latin1 COMMENT='Creates a relationship for each item in a custom graph.';

--
-- 转存表中的数据 `graph_local`
--

INSERT INTO `graph_local` (`id`, `graph_template_id`, `host_id`, `snmp_query_id`, `snmp_index`) VALUES
(605, 21, 71, 6, '/dev/sda1'),
(604, 21, 71, 6, '/dev/mapper/cl-root'),
(603, 8, 71, 0, ''),
(602, 10, 71, 0, ''),
(601, 9, 71, 0, ''),
(600, 12, 71, 0, '');

-- --------------------------------------------------------

--
-- 表的结构 `graph_templates`
--

CREATE TABLE `graph_templates` (
  `id` mediumint(8) UNSIGNED NOT NULL,
  `hash` char(32) NOT NULL DEFAULT '',
  `name` char(255) NOT NULL DEFAULT ''
) ENGINE=MyISAM DEFAULT CHARSET=latin1 COMMENT='Contains each graph template name.';

--
-- 转存表中的数据 `graph_templates`
--

INSERT INTO `graph_templates` (`id`, `hash`, `name`) VALUES
(34, '010b90500e1fc6a05abfd542940584d0', 'SNMP - Generic OID Template'),
(2, '5deb0d66c81262843dce5f3861be9966', 'Interface - Traffic (bits/sec)'),
(3, 'abb5e813c9f1e8cd6fc1e393092ef8cb', 'ucd/net - Available Disk Space'),
(4, 'e334bdcf821cd27270a4cc945e80915e', 'ucd/net - CPU Usage'),
(5, '280e38336d77acde4672879a7db823f3', 'Karlnet - Wireless Levels'),
(6, '3109d88e6806d2ce50c025541b542499', 'Karlnet - Wireless Transmissions'),
(7, 'cf96dfb22b58e08bf101ca825377fa4b', 'Unix - Ping Latency'),
(8, '9fe8b4da353689d376b99b2ea526cc6b', 'Unix - Processes'),
(9, 'fe5edd777a76d48fc48c11aded5211ef', 'Unix - Load Average'),
(10, '63610139d44d52b195cc375636653ebd', 'Unix - Logged in Users'),
(11, '5107ec0206562e77d965ce6b852ef9d4', 'ucd/net - Load Average'),
(12, '6992ed4df4b44f3d5595386b8298f0ec', 'Linux - Memory Usage'),
(13, 'be275639d5680e94c72c0ebb4e19056d', 'ucd/net - Memory Usage'),
(14, 'f17e4a77b8496725dc924b8c35b60036', 'Netware - File System Cache'),
(15, '46bb77f4c0c69671980e3c60d3f22fa9', 'Netware - CPU Utilization'),
(16, '8e77a3036312fd0fda32eaea2b5f141b', 'Netware - File System Activity'),
(17, '5892c822b1bb2d38589b6c27934b9936', 'Netware - Logged In Users'),
(18, '9a5e6d7781cc1bd6cf24f64dd6ffb423', 'Cisco - CPU Usage'),
(19, '0dd0438d5e6cad6776f79ecaa96fb708', 'Netware - Volume Information'),
(20, 'b18a3742ebea48c6198412b392d757fc', 'Netware - Directory Information'),
(21, '8e7c8a511652fe4a8e65c69f3d34779d', 'Unix - Available Disk Space'),
(22, '06621cd4a9289417cadcb8f9b5cfba80', 'Interface - Errors/Discards'),
(23, 'e0d1625a1f4776a5294583659d5cee15', 'Interface - Unicast Packets'),
(24, '10ca5530554da7b73dc69d291bf55d38', 'Interface - Non-Unicast Packets'),
(25, 'df244b337547b434b486662c3c5c7472', 'Interface - Traffic (bytes/sec)'),
(26, '7489e44466abee8a7d8636cb2cb14a1a', 'Host MIB - Available Disk Space'),
(27, 'c6bb62bedec4ab97f9db9fd780bd85a6', 'Host MIB - CPU Utilization'),
(28, 'e8462bbe094e4e9e814d4e681671ea82', 'Host MIB - Logged in Users'),
(29, '62205afbd4066e5c4700338841e3901e', 'Host MIB - Processes'),
(30, 'e3780a13b0f7a3f85a44b70cd4d2fd36', 'Netware - Open Files'),
(31, '1742b2066384637022d178cc5072905a', 'Interface - Traffic (bits/sec, 95th Percentile)'),
(32, '13b47e10b2d5db45707d61851f69c52b', 'Interface - Traffic (bits/sec, Total Bandwidth)'),
(33, '8ad6790c22b693680e041f21d62537ac', 'Interface - Traffic (bytes/sec, Total Bandwidth)');

-- --------------------------------------------------------

--
-- 表的结构 `graph_templates_gprint`
--

CREATE TABLE `graph_templates_gprint` (
  `id` mediumint(8) UNSIGNED NOT NULL,
  `hash` varchar(32) NOT NULL DEFAULT '',
  `name` varchar(100) NOT NULL DEFAULT '',
  `gprint_text` varchar(255) DEFAULT NULL
) ENGINE=MyISAM DEFAULT CHARSET=latin1;

--
-- 转存表中的数据 `graph_templates_gprint`
--

INSERT INTO `graph_templates_gprint` (`id`, `hash`, `name`, `gprint_text`) VALUES
(2, 'e9c43831e54eca8069317a2ce8c6f751', 'Normal', '%8.2lf %s'),
(3, '19414480d6897c8731c7dc6c5310653e', 'Exact Numbers', '%8.0lf'),
(4, '304a778405392f878a6db435afffc1e9', 'Load Average', '%8.2lf');

-- --------------------------------------------------------

--
-- 表的结构 `graph_templates_graph`
--

CREATE TABLE `graph_templates_graph` (
  `id` mediumint(8) UNSIGNED NOT NULL,
  `local_graph_template_graph_id` mediumint(8) UNSIGNED NOT NULL DEFAULT 0,
  `local_graph_id` mediumint(8) UNSIGNED NOT NULL DEFAULT 0,
  `graph_template_id` mediumint(8) UNSIGNED NOT NULL DEFAULT 0,
  `t_image_format_id` char(2) DEFAULT '0',
  `image_format_id` tinyint(1) NOT NULL DEFAULT 0,
  `t_title` char(2) DEFAULT '0',
  `title` varchar(255) NOT NULL DEFAULT '',
  `title_cache` varchar(255) NOT NULL DEFAULT '',
  `t_height` char(2) DEFAULT '0',
  `height` mediumint(8) NOT NULL DEFAULT 0,
  `t_width` char(2) DEFAULT '0',
  `width` mediumint(8) NOT NULL DEFAULT 0,
  `t_upper_limit` char(2) DEFAULT '0',
  `upper_limit` varchar(20) NOT NULL DEFAULT '0',
  `t_lower_limit` char(2) DEFAULT '0',
  `lower_limit` varchar(20) NOT NULL DEFAULT '0',
  `t_vertical_label` char(2) DEFAULT '0',
  `vertical_label` varchar(200) DEFAULT NULL,
  `t_slope_mode` char(2) DEFAULT '0',
  `slope_mode` char(2) DEFAULT 'on',
  `t_auto_scale` char(2) DEFAULT '0',
  `auto_scale` char(2) DEFAULT NULL,
  `t_auto_scale_opts` char(2) DEFAULT '0',
  `auto_scale_opts` tinyint(1) NOT NULL DEFAULT 0,
  `t_auto_scale_log` char(2) DEFAULT '0',
  `auto_scale_log` char(2) DEFAULT NULL,
  `t_scale_log_units` char(2) DEFAULT '0',
  `scale_log_units` char(2) DEFAULT NULL,
  `t_auto_scale_rigid` char(2) DEFAULT '0',
  `auto_scale_rigid` char(2) DEFAULT NULL,
  `t_auto_padding` char(2) DEFAULT '0',
  `auto_padding` char(2) DEFAULT NULL,
  `t_base_value` char(2) DEFAULT '0',
  `base_value` mediumint(8) NOT NULL DEFAULT 0,
  `t_grouping` char(2) DEFAULT '0',
  `grouping` char(2) NOT NULL DEFAULT '',
  `t_export` char(2) DEFAULT '0',
  `export` char(2) DEFAULT NULL,
  `t_unit_value` char(2) DEFAULT '0',
  `unit_value` varchar(20) DEFAULT NULL,
  `t_unit_exponent_value` char(2) DEFAULT '0',
  `unit_exponent_value` varchar(5) NOT NULL DEFAULT ''
) ENGINE=MyISAM DEFAULT CHARSET=latin1 COMMENT='Stores the actual graph data.';

--
-- 转存表中的数据 `graph_templates_graph`
--

INSERT INTO `graph_templates_graph` (`id`, `local_graph_template_graph_id`, `local_graph_id`, `graph_template_id`, `t_image_format_id`, `image_format_id`, `t_title`, `title`, `title_cache`, `t_height`, `height`, `t_width`, `width`, `t_upper_limit`, `upper_limit`, `t_lower_limit`, `lower_limit`, `t_vertical_label`, `vertical_label`, `t_slope_mode`, `slope_mode`, `t_auto_scale`, `auto_scale`, `t_auto_scale_opts`, `auto_scale_opts`, `t_auto_scale_log`, `auto_scale_log`, `t_scale_log_units`, `scale_log_units`, `t_auto_scale_rigid`, `auto_scale_rigid`, `t_auto_padding`, `auto_padding`, `t_base_value`, `base_value`, `t_grouping`, `grouping`, `t_export`, `export`, `t_unit_value`, `unit_value`, `t_unit_exponent_value`, `unit_exponent_value`) VALUES
(2, 0, 0, 2, '', 1, 'on', '|host_description| - Traffic', '', '', 120, '', 500, '', '100', '', '0', '', 'bits per second', '0', 'on', '', 'on', '', 2, '', '', '0', '', '', 'on', '', 'on', '', 1000, '0', '', '', 'on', '', '', '', ''),
(3, 0, 0, 3, '', 1, 'on', '|host_description| - Hard Drive Space', '', '', 120, '', 500, '', '100', '', '0', '', 'bytes', '0', 'on', '', 'on', '', 2, '', '', '0', '', '', 'on', '', 'on', '', 1024, '0', '', '', 'on', '', '', '', ''),
(4, 0, 0, 4, '', 1, '', '|host_description| - CPU Usage', '', '', 120, '', 500, '', '100', '', '0', '', 'percent', '0', 'on', '', 'on', '', 2, '', '', '0', '', '', 'on', '', 'on', '', 1000, '0', '', '', 'on', '', '', '', ''),
(5, 0, 0, 5, '', 1, 'on', '|host_description| - Wireless Levels', '', '', 120, '', 500, '', '100', '', '0', '', 'percent', '0', 'on', '', '', '', 2, '', '', '0', '', '', 'on', '', 'on', '', 1000, '0', '', '', 'on', '', '', '', ''),
(6, 0, 0, 6, '', 1, 'on', '|host_description| - Wireless Transmissions', '', '', 120, '', 500, '', '100', '', '0', '', 'transmissions', '0', 'on', '', 'on', '', 2, '', '', '0', '', '', 'on', '', 'on', '', 1000, '0', '', '', 'on', '', '', '', ''),
(7, 0, 0, 7, '', 1, '', '|host_description| - Ping Latency', '', '', 120, '', 500, '', '100', '', '0', '', 'milliseconds', '0', 'on', '', 'on', '', 2, '', '', '0', '', '', '', '', 'on', '', 1000, '0', '', '', 'on', '', '', '', ''),
(8, 0, 0, 8, '', 1, '', '|host_description| - Processes', '', '', 120, '', 500, '', '100', '', '0', '', 'processes', '0', 'on', '', 'on', '', 2, '', '', '0', '', '', '', '', 'on', '', 1000, '0', '', '', 'on', '', '', '', ''),
(9, 0, 0, 9, '', 1, '', '|host_description| - Load Average', '', '', 120, '', 500, '', '100', '', '0', '', 'processes in the run queue', '0', 'on', '', 'on', '', 2, '', '', '0', '', '', 'on', '', 'on', '', 1000, '0', '', '', 'on', '', '', '', '0'),
(10, 0, 0, 10, '', 1, '', '|host_description| - Logged in Users', '', '', 120, '', 500, '', '100', '', '0', '', 'users', '0', 'on', '', 'on', '', 2, '', '', '0', '', '', 'on', '', 'on', '', 1000, '0', '', '', 'on', '', '', '', ''),
(11, 0, 0, 11, '', 1, '', '|host_description| - Load Average', '', '', 120, '', 500, '', '100', '', '0', '', 'processes in the run queue', '0', 'on', '', 'on', '', 2, '', '', '0', '', '', 'on', '', 'on', '', 1000, '0', '', '', 'on', '', '', '', '0'),
(12, 0, 0, 12, '', 1, '', '|host_description| - Memory Usage', '', '', 120, '', 500, '', '100', '', '0', '', 'kilobytes', '0', 'on', '', 'on', '', 2, '', '', '0', '', '', 'on', '', 'on', '', 1000, '0', '', '', 'on', '', '', '', ''),
(13, 0, 0, 13, '', 1, '', '|host_description| - Memory Usage', '', '', 120, '', 500, '', '100', '', '0', '', 'bytes', '0', 'on', '', 'on', '', 2, '', '', '0', '', '', 'on', '', 'on', '', 1000, '0', '', '', 'on', '', '', '', ''),
(14, 0, 0, 14, '', 1, '', '|host_description| - File System Cache', '', '', 120, '', 500, '', '100', '', '0', '', 'cache checks/hits', '0', 'on', '', 'on', '', 2, '', '', '0', '', '', 'on', '', 'on', '', 1000, '0', '', '', 'on', '', '', '', ''),
(15, 0, 0, 15, '', 1, '', '|host_description| - CPU Utilization', '', '', 120, '', 500, '', '100', '', '0', '', 'percent', '0', 'on', '', 'on', '', 2, '', '', '0', '', '', 'on', '', 'on', '', 1000, '0', '', '', 'on', '', '', '', ''),
(16, 0, 0, 16, '', 1, '', '|host_description| - File System Activity', '', '', 120, '', 500, '', '100', '', '0', '', 'reads/writes per sec', '0', 'on', '', 'on', '', 2, '', '', '0', '', '', 'on', '', 'on', '', 1000, '0', '', '', 'on', '', '', '', ''),
(17, 0, 0, 17, '', 1, '', '|host_description| - Logged In Users', '', '', 120, '', 500, '', '100', '', '0', '', 'users', '0', 'on', '', 'on', '', 2, '', '', '0', '', '', 'on', '', 'on', '', 1000, '0', '', '', 'on', '', '', '', ''),
(18, 0, 0, 18, '', 1, '', '|host_description| - CPU Usage', '', '', 120, '', 500, '', '100', '', '0', '', 'percent', '0', 'on', '', 'on', '', 2, '', '', '0', '', '', 'on', '', 'on', '', 1000, '0', '', '', 'on', '', '', '', ''),
(19, 0, 0, 19, '', 1, 'on', '|host_description| - Volume Information', '', '', 120, '', 500, '', '100', '', '0', '', 'bytes', '0', 'on', '', 'on', '', 2, '', '', '0', '', '', 'on', '', 'on', '', 1000, '0', '', '', 'on', '', '', '', ''),
(20, 0, 0, 20, '', 1, '', '|host_description| - Directory Information', '', '', 120, '', 500, '', '100', '', '0', '', 'directory entries', '0', 'on', '', 'on', '', 2, '', '', '0', '', '', 'on', '', 'on', '', 1000, '0', '', '', 'on', '', '', '', ''),
(21, 0, 0, 21, '', 1, 'on', '|host_description| - Available Disk Space', '', '', 120, '', 500, '', '100', '', '0', '', 'bytes', '0', 'on', '', 'on', '', 2, '', '', '0', '', '', 'on', '', 'on', '', 1024, '0', '', '', 'on', '', '', '', ''),
(22, 0, 0, 22, '', 1, 'on', '|host_description| - Errors/Discards', '', '', 120, '', 500, '', '100', '', '0', '', 'errors/sec', '0', 'on', '', 'on', '', 2, '', '', '0', '', '', 'on', '', 'on', '', 1000, '0', '', '', 'on', '', '', '', ''),
(23, 0, 0, 23, '', 1, 'on', '|host_description| - Unicast Packets', '', '', 120, '', 500, '', '100', '', '0', '', 'packets/sec', '0', 'on', '', 'on', '', 2, '', '', '0', '', '', 'on', '', 'on', '', 1000, '0', '', '', 'on', '', '', '', ''),
(24, 0, 0, 24, '', 1, 'on', '|host_description| - Non-Unicast Packets', '', '', 120, '', 500, '', '100', '', '0', '', 'packets/sec', '0', 'on', '', 'on', '', 2, '', '', '0', '', '', 'on', '', 'on', '', 1000, '0', '', '', 'on', '', '', '', ''),
(25, 0, 0, 25, '', 1, 'on', '|host_description| - Traffic', '', '', 120, '', 500, '', '100', '', '0', '', 'bytes per second', '0', 'on', '', 'on', '', 2, '', '', '0', '', '', 'on', '', 'on', '', 1000, '0', '', '', 'on', '', '', '', ''),
(34, 0, 0, 26, '', 1, 'on', '|host_description| - Available Disk Space', '', '', 120, '', 500, '', '100', '', '0', '', 'bytes', '0', 'on', '', 'on', '', 2, '', '', '0', '', '', 'on', '', 'on', '', 1024, '0', '', '', 'on', '', '', '', ''),
(35, 0, 0, 27, '', 1, 'on', '|host_description| - CPU Utilization', '', '', 120, '', 500, '', '100', '', '0', '', 'percent', '0', 'on', '', 'on', '', 2, '', '', '0', '', '', 'on', '', 'on', '', 1000, '0', '', '', 'on', '', '', '', ''),
(36, 0, 0, 28, '', 1, '', '|host_description| - Logged in Users', '', '', 120, '', 500, '', '100', '', '0', '', 'users', '0', 'on', '', 'on', '', 2, '', '', '0', '', '', 'on', '', 'on', '', 1000, '0', '', '', 'on', '', '', '', ''),
(37, 0, 0, 29, '', 1, '', '|host_description| - Processes', '', '', 120, '', 500, '', '100', '', '0', '', 'processes', '0', 'on', '', 'on', '', 2, '', '', '0', '', '', '', '', 'on', '', 1000, '0', '', '', 'on', '', '', '', ''),
(42, 0, 0, 30, '', 1, '', '|host_description| - Open Files', '', '', 120, '', 500, '', '100', '', '0', '', 'files', '0', 'on', '', 'on', '', 2, '', '', '0', '', '', '', '', 'on', '', 1000, '0', '', '', 'on', '', '', '', ''),
(43, 0, 0, 31, '', 1, 'on', '|host_description| - Traffic', '', '', 120, '', 500, '', '100', '', '0', '', 'bits per second', '0', 'on', '', 'on', '', 2, '', '', '0', '', '', 'on', '', 'on', '', 1000, '0', '', '', 'on', '', '', '', ''),
(44, 0, 0, 32, '', 1, 'on', '|host_description| - Traffic', '', '', 120, '', 500, '', '100', '', '0', '', 'bits per second', '0', 'on', '', 'on', '', 2, '', '', '0', '', '', 'on', '', 'on', '', 1000, '0', '', '', 'on', '', '', '', ''),
(45, 0, 0, 33, '', 1, 'on', '|host_description| - Traffic', '', '', 120, '', 500, '', '100', '', '0', '', 'bytes per second', '0', 'on', '', 'on', '', 2, '', '', '0', '', '', 'on', '', 'on', '', 1000, '0', '', '', 'on', '', '', '', ''),
(47, 0, 0, 34, '', 1, 'on', '|host_description| -', '', '', 120, '', 500, '', '100', '', '0', 'on', '', '0', 'on', '', 'on', '', 2, '', '', '0', '', '', '', '', 'on', '', 1000, '0', '', '', 'on', '', '', '', ''),
(648, 21, 605, 21, '0', 1, '0', '|host_description| - Disk Space - |query_dskDevice|', 'LocalHost - Disk Space - /dev/sda1', '0', 120, '0', 500, '0', '100', '0', '0', '0', 'bytes', '0', 'on', '0', 'on', '0', 2, '0', '', '0', '', '0', 'on', '0', 'on', '0', 1024, '0', '', '0', 'on', '0', '', '0', ''),
(647, 21, 604, 21, '0', 1, '0', '|host_description| - Disk Space - |query_dskDevice|', 'LocalHost - Disk Space - /dev/mapper/cl-', '0', 120, '0', 500, '0', '100', '0', '0', '0', 'bytes', '0', 'on', '0', 'on', '0', 2, '0', '', '0', '', '0', 'on', '0', 'on', '0', 1024, '0', '', '0', 'on', '0', '', '0', ''),
(646, 8, 603, 8, '0', 1, '0', '|host_description| - Processes', 'LocalHost - Processes', '0', 120, '0', 500, '0', '100', '0', '0', '0', 'processes', '0', 'on', '0', 'on', '0', 2, '0', '', '0', '', '0', '', '0', 'on', '0', 1000, '0', '', '0', 'on', '0', '', '0', ''),
(645, 10, 602, 10, '0', 1, '0', '|host_description| - Logged in Users', 'LocalHost - Logged in Users', '0', 120, '0', 500, '0', '100', '0', '0', '0', 'users', '0', 'on', '0', 'on', '0', 2, '0', '', '0', '', '0', 'on', '0', 'on', '0', 1000, '0', '', '0', 'on', '0', '', '0', ''),
(644, 9, 601, 9, '0', 1, '0', '|host_description| - Load Average', 'LocalHost - Load Average', '0', 120, '0', 500, '0', '100', '0', '0', '0', 'processes in the run queue', '0', 'on', '0', 'on', '0', 2, '0', '', '0', '', '0', 'on', '0', 'on', '0', 1000, '0', '', '0', 'on', '0', '', '0', '0'),
(643, 12, 600, 12, '0', 1, '0', '|host_description| - Memory Usage', 'LocalHost - Memory Usage', '0', 120, '0', 500, '0', '100', '0', '0', '0', 'kilobytes', '0', 'on', '0', 'on', '0', 2, '0', '', '0', '', '0', 'on', '0', 'on', '0', 1000, '0', '', '0', 'on', '0', '', '0', '');

-- --------------------------------------------------------

--
-- 表的结构 `graph_templates_item`
--

CREATE TABLE `graph_templates_item` (
  `id` int(12) UNSIGNED NOT NULL,
  `hash` varchar(32) NOT NULL DEFAULT '',
  `local_graph_template_item_id` int(12) UNSIGNED NOT NULL DEFAULT 0,
  `local_graph_id` mediumint(8) UNSIGNED NOT NULL DEFAULT 0,
  `graph_template_id` mediumint(8) UNSIGNED NOT NULL DEFAULT 0,
  `task_item_id` mediumint(8) UNSIGNED NOT NULL DEFAULT 0,
  `color_id` mediumint(8) UNSIGNED NOT NULL DEFAULT 0,
  `alpha` char(2) DEFAULT 'FF',
  `graph_type_id` tinyint(3) NOT NULL DEFAULT 0,
  `cdef_id` mediumint(8) UNSIGNED NOT NULL DEFAULT 0,
  `consolidation_function_id` tinyint(2) NOT NULL DEFAULT 0,
  `text_format` varchar(255) DEFAULT NULL,
  `value` varchar(255) DEFAULT NULL,
  `hard_return` char(2) DEFAULT NULL,
  `gprint_id` mediumint(8) UNSIGNED NOT NULL DEFAULT 0,
  `sequence` mediumint(8) UNSIGNED NOT NULL DEFAULT 0
) ENGINE=MyISAM DEFAULT CHARSET=latin1 COMMENT='Stores the actual graph item data.';

--
-- 转存表中的数据 `graph_templates_item`
--

INSERT INTO `graph_templates_item` (`id`, `hash`, `local_graph_template_item_id`, `local_graph_id`, `graph_template_id`, `task_item_id`, `color_id`, `alpha`, `graph_type_id`, `cdef_id`, `consolidation_function_id`, `text_format`, `value`, `hard_return`, `gprint_id`, `sequence`) VALUES
(9, '0470b2427dbfadb6b8346e10a71268fa', 0, 0, 2, 54, 22, 'FF', 7, 2, 1, 'Inbound', '', '', 2, 1),
(10, '84a5fe0db518550266309823f994ce9c', 0, 0, 2, 54, 0, 'FF', 9, 2, 4, 'Current:', '', '', 2, 2),
(11, '2f222f28084085cd06a1f46e4449c793', 0, 0, 2, 54, 0, 'FF', 9, 2, 1, 'Average:', '', '', 2, 3),
(12, '55acbcc33f46ee6d754e8e81d1b54808', 0, 0, 2, 54, 0, 'FF', 9, 2, 3, 'Maximum:', '', 'on', 2, 4),
(13, 'fdaf2321fc890e355711c2bffc07d036', 0, 0, 2, 55, 20, 'FF', 4, 2, 1, 'Outbound', '', '', 2, 5),
(14, '768318f42819217ed81196d2179d3e1b', 0, 0, 2, 55, 0, 'FF', 9, 2, 4, 'Current:', '', '', 2, 6),
(15, 'cb3aa6256dcb3acd50d4517b77a1a5c3', 0, 0, 2, 55, 0, 'FF', 9, 2, 1, 'Average:', '', '', 2, 7),
(16, '671e989be7cbf12c623b4e79d91c7bed', 0, 0, 2, 55, 0, 'FF', 9, 2, 3, 'Maximum:', '', 'on', 2, 8),
(17, 'b561ed15b3ba66d277e6d7c1640b86f7', 0, 0, 3, 4, 48, 'FF', 7, 14, 1, 'Used', '', '', 2, 1),
(18, '99ef051057fa6adfa6834a7632e9d8a2', 0, 0, 3, 4, 0, 'FF', 9, 14, 4, 'Current:', '', '', 2, 2),
(19, '3986695132d3f4716872df4c6fbccb65', 0, 0, 3, 4, 0, 'FF', 9, 14, 1, 'Average:', '', '', 2, 3),
(20, '0444300017b368e6257f010dca8bbd0d', 0, 0, 3, 4, 0, 'FF', 9, 14, 3, 'Maximum:', '', 'on', 2, 4),
(21, '4d6a0b9063124ca60e2d1702b3e15e41', 0, 0, 3, 3, 20, 'FF', 8, 14, 1, 'Available', '', '', 2, 5),
(22, '181b08325e4d00cd50b8cdc8f8ae8e77', 0, 0, 3, 3, 0, 'FF', 9, 14, 4, 'Current:', '', '', 2, 6),
(23, 'bba0a9ff1357c990df50429d64314340', 0, 0, 3, 3, 0, 'FF', 9, 14, 1, 'Average:', '', '', 2, 7),
(24, 'd4a67883d53bc1df8aead21c97c0bc52', 0, 0, 3, 3, 0, 'FF', 9, 14, 3, 'Maximum:', '', 'on', 2, 8),
(25, '253c9ec2d66905245149c1c2dc8e536e', 0, 0, 3, 0, 1, 'FF', 5, 15, 1, 'Total', '', '', 2, 9),
(26, 'ea9ea883383f4eb462fec6aa309ba7b5', 0, 0, 3, 0, 0, 'FF', 9, 15, 4, 'Current:', '', '', 2, 10),
(27, '83b746bcaba029eeca170a9f77ec4864', 0, 0, 3, 0, 0, 'FF', 9, 15, 1, 'Average:', '', '', 2, 11),
(28, '82e01dd92fd37887c0696192efe7af65', 0, 0, 3, 0, 0, 'FF', 9, 15, 3, 'Maximum:', '', 'on', 2, 12),
(29, 'ff0a6125acbb029b814ed1f271ad2d38', 0, 0, 4, 5, 9, 'FF', 7, 0, 1, 'System', '', '', 2, 1),
(30, 'f0776f7d6638bba76c2c27f75a424f0f', 0, 0, 4, 5, 0, 'FF', 9, 0, 4, 'Current:', '', '', 2, 2),
(31, '39f4e021aa3fed9207b5f45a82122b21', 0, 0, 4, 5, 0, 'FF', 9, 0, 1, 'Average:', '', '', 2, 3),
(32, '800f0b067c06f4ec9c2316711ea83c1e', 0, 0, 4, 5, 0, 'FF', 9, 0, 3, 'Maximum:', '', 'on', 2, 4),
(33, '9419dd5dbf549ba4c5dc1462da6ee321', 0, 0, 4, 6, 21, 'FF', 8, 0, 1, 'User', '', '', 2, 5),
(34, 'e461dd263ae47657ea2bf3fd82bec096', 0, 0, 4, 6, 0, 'FF', 9, 0, 4, 'Current:', '', '', 2, 6),
(35, 'f2d1fbb8078a424ffc8a6c9d44d8caa0', 0, 0, 4, 6, 0, 'FF', 9, 0, 1, 'Average:', '', '', 2, 7),
(36, 'e70a5de639df5ba1705b5883da7fccfc', 0, 0, 4, 6, 0, 'FF', 9, 0, 3, 'Maximum:', '', 'on', 2, 8),
(37, '85fefb25ce9fd0317da2706a5463fc42', 0, 0, 4, 7, 12, 'FF', 8, 0, 1, 'Nice', '', '', 2, 9),
(38, 'a1cb26878776999db16f1de7577b3c2a', 0, 0, 4, 7, 0, 'FF', 9, 0, 4, 'Current:', '', '', 2, 10),
(39, '7d0f9bf64a0898a0095f099674754273', 0, 0, 4, 7, 0, 'FF', 9, 0, 1, 'Average:', '', '', 2, 11),
(40, 'b2879248a522d9679333e1f29e9a87c3', 0, 0, 4, 7, 0, 'FF', 9, 0, 3, 'Maximum:', '', 'on', 2, 12),
(41, 'd800aa59eee45383b3d6d35a11cdc864', 0, 0, 4, 0, 1, 'FF', 4, 12, 1, 'Total', '', '', 2, 13),
(42, 'cab4ae79a546826288e273ca1411c867', 0, 0, 4, 0, 0, 'FF', 9, 12, 4, 'Current:', '', '', 2, 14),
(43, 'd44306ae85622fec971507460be63f5c', 0, 0, 4, 0, 0, 'FF', 9, 12, 1, 'Average:', '', '', 2, 15),
(44, 'aa5c2118035bb83be497d4e099afcc0d', 0, 0, 4, 0, 0, 'FF', 9, 12, 3, 'Maximum:', '', 'on', 2, 16),
(45, '4aa34ea1b7542b770ace48e8bc395a22', 0, 0, 5, 9, 48, 'FF', 7, 0, 1, 'Signal Level', '', '', 2, 1),
(46, '22f118a9d81d0a9c8d922efbbc8a9cc1', 0, 0, 5, 9, 0, 'FF', 9, 0, 4, 'Current:', '', '', 2, 2),
(47, '229de0c4b490de9d20d8f8d41059f933', 0, 0, 5, 9, 0, 'FF', 9, 0, 1, 'Average:', '', '', 2, 3),
(48, 'cd17feb30c02fd8f21e4d4dcde04e024', 0, 0, 5, 9, 0, 'FF', 9, 0, 3, 'Maximum:', '', 'on', 2, 4),
(49, '8723600cfd0f8a7b3f7dc1361981aabd', 0, 0, 5, 8, 25, 'FF', 5, 0, 1, 'Noise Level', '', '', 2, 5),
(50, 'cb06be2601b5abfb7a42fc07586de1c2', 0, 0, 5, 8, 0, 'FF', 9, 0, 4, 'Current:', '', '', 2, 6),
(51, '55a2ee0fd511e5210ed85759171de58f', 0, 0, 5, 8, 0, 'FF', 9, 0, 1, 'Average:', '', '', 2, 7),
(52, '704459564c84e42462e106eef20db169', 0, 0, 5, 8, 0, 'FF', 9, 0, 3, 'Maximum:', '', 'on', 2, 8),
(53, 'aaebb19ec522497eaaf8c87a631b7919', 0, 0, 6, 10, 48, 'FF', 7, 0, 1, 'Transmissions', '', '', 2, 1),
(54, '8b54843ac9d41bce2fcedd023560ed64', 0, 0, 6, 10, 0, 'FF', 9, 0, 4, 'Current:', '', '', 2, 2),
(55, '05927dc83e07c7d9cffef387d68f35c9', 0, 0, 6, 10, 0, 'FF', 9, 0, 1, 'Average:', '', '', 2, 3),
(56, 'd11e62225a7e7a0cdce89242002ca547', 0, 0, 6, 10, 0, 'FF', 9, 0, 3, 'Maximum:', '', 'on', 2, 4),
(57, '6397b92032486c476b0e13a35b727041', 0, 0, 6, 11, 25, 'FF', 5, 0, 1, 'Re-Transmissions', '', '', 2, 5),
(58, 'cdfa5f8f82f4c479ff7f6f54160703f6', 0, 0, 6, 11, 0, 'FF', 9, 0, 4, 'Current:', '', '', 2, 6),
(59, 'ce2a309fb9ef64f83f471895069a6f07', 0, 0, 6, 11, 0, 'FF', 9, 0, 1, 'Average:', '', '', 2, 7),
(60, '9cbfbf57ebde435b27887f27c7d3caea', 0, 0, 6, 11, 0, 'FF', 9, 0, 3, 'Maximum:', '', 'on', 2, 8),
(61, '80e0aa956f50c261e5143273da58b8a3', 0, 0, 7, 21, 25, 'FF', 7, 0, 1, '', '', '', 2, 1),
(62, '48fdcae893a7b7496e1a61efc3453599', 0, 0, 7, 21, 0, 'FF', 9, 0, 4, 'Current:', '', '', 2, 2),
(63, '22f43e5fa20f2716666ba9ed9a7d1727', 0, 0, 7, 21, 0, 'FF', 9, 0, 1, 'Average:', '', '', 2, 3),
(64, '3e86d497bcded7af7ab8408e4908e0d8', 0, 0, 7, 21, 0, 'FF', 9, 0, 3, 'Maximum:', '', 'on', 2, 4),
(65, 'ba00ecd28b9774348322ff70a96f2826', 0, 0, 8, 19, 48, 'FF', 7, 0, 1, 'Running Processes', '', '', 2, 1),
(66, '8d76de808efd73c51e9a9cbd70579512', 0, 0, 8, 19, 0, 'FF', 9, 0, 4, 'Current:', '', '', 3, 2),
(67, '304244ca63d5b09e62a94c8ec6fbda8d', 0, 0, 8, 19, 0, 'FF', 9, 0, 1, 'Average:', '', '', 3, 3),
(68, 'da1ba71a93d2ed4a2a00d54592b14157', 0, 0, 8, 19, 0, 'FF', 9, 0, 3, 'Maximum:', '', 'on', 3, 4),
(69, '93ad2f2803b5edace85d86896620b9da', 0, 0, 9, 12, 15, 'FF', 7, 0, 1, '1 Minute Average', '', '', 2, 1),
(70, 'e28736bf63d3a3bda03ea9f1e6ecb0f1', 0, 0, 9, 12, 0, 'FF', 9, 0, 4, 'Current:', '', 'on', 4, 2),
(71, 'bbdfa13adc00398eed132b1ccb4337d2', 0, 0, 9, 13, 8, 'FF', 8, 0, 1, '5 Minute Average', '', '', 2, 3),
(72, '2c14062c7d67712f16adde06132675d6', 0, 0, 9, 13, 0, 'FF', 9, 0, 4, 'Current:', '', 'on', 4, 4),
(73, '9cf6ed48a6a54b9644a1de8c9929bd4e', 0, 0, 9, 14, 9, 'FF', 8, 0, 1, '15 Minute Average', '', '', 2, 5),
(74, 'c9824064305b797f38feaeed2352e0e5', 0, 0, 9, 14, 0, 'FF', 9, 0, 4, 'Current:', '', 'on', 4, 6),
(75, 'fa1bc4eff128c4da70f5247d55b8a444', 0, 0, 9, 0, 1, 'FF', 4, 12, 1, '', '', 'on', 2, 7),
(76, '5c94ac24bc0d6d2712cc028fa7d4c7d2', 0, 0, 10, 20, 67, 'FF', 7, 0, 1, 'Users', '', '', 2, 1),
(77, '8bc7f905526f62df7d5c2d8c27c143c1', 0, 0, 10, 20, 0, 'FF', 9, 0, 4, 'Current:', '', '', 3, 2),
(78, 'cd074cd2b920aab70d480c020276d45b', 0, 0, 10, 20, 0, 'FF', 9, 0, 1, 'Average:', '', '', 3, 3),
(79, '415630f25f5384ba0c82adbdb05fe98b', 0, 0, 10, 20, 0, 'FF', 9, 0, 3, 'Maximum:', '', 'on', 3, 4),
(80, 'd77d2050be357ab067666a9485426e6b', 0, 0, 11, 33, 15, 'FF', 7, 0, 1, '1 Minute Average', '', '', 2, 1),
(81, '13d22f5a0eac6d97bf6c97d7966f0a00', 0, 0, 11, 33, 0, 'FF', 9, 0, 4, 'Current:', '', 'on', 4, 2),
(82, '8580230d31d2851ec667c296a665cbf9', 0, 0, 11, 34, 8, 'FF', 8, 0, 1, '5 Minute Average', '', '', 2, 3),
(83, 'b5b7d9b64e7640aa51dbf58c69b86d15', 0, 0, 11, 34, 0, 'FF', 9, 0, 4, 'Current:', '', 'on', 4, 4),
(84, '2ec10edf4bfaa866b7efd544d4c3f446', 0, 0, 11, 35, 9, 'FF', 8, 0, 1, '15 Minute Average', '', '', 2, 5),
(85, 'b65666f0506c0c70966f493c19607b93', 0, 0, 11, 35, 0, 'FF', 9, 0, 4, 'Current:', '', 'on', 4, 6),
(86, '6c73575c74506cfc75b89c4276ef3455', 0, 0, 11, 0, 1, 'FF', 4, 12, 1, 'Total', '', 'on', 2, 7),
(95, '5fa7c2317f19440b757ab2ea1cae6abc', 0, 0, 12, 16, 41, 'FF', 7, 14, 1, 'Free', '', '', 2, 9),
(96, 'b1d18060bfd3f68e812c508ff4ac94ed', 0, 0, 12, 16, 0, 'FF', 9, 14, 4, 'Current:', '', '', 2, 10),
(97, '780b6f0850aaf9431d1c246c55143061', 0, 0, 12, 16, 0, 'FF', 9, 14, 1, 'Average:', '', '', 2, 11),
(98, '2d54a7e7bb45e6c52d97a09e24b7fba7', 0, 0, 12, 16, 0, 'FF', 9, 14, 3, 'Maximum:', '', 'on', 2, 12),
(99, '40206367a3c192b836539f49801a0b15', 0, 0, 12, 18, 30, 'FF', 8, 14, 1, 'Swap', '', '', 2, 13),
(100, '7ee72e2bb3722d4f8a7f9c564e0dd0d0', 0, 0, 12, 18, 0, 'FF', 9, 14, 4, 'Current:', '', '', 2, 14),
(101, 'c8af33b949e8f47133ee25e63c91d4d0', 0, 0, 12, 18, 0, 'FF', 9, 14, 1, 'Average:', '', '', 2, 15),
(102, '568128a16723d1195ce6a234d353ce00', 0, 0, 12, 18, 0, 'FF', 9, 14, 3, 'Maximum:', '', 'on', 2, 16),
(103, '7517a40d478e28ed88ba2b2a65e16b57', 0, 0, 13, 37, 52, 'FF', 7, 14, 1, 'Memory Free', '', '', 2, 1),
(104, 'df0c8b353d26c334cb909dc6243957c5', 0, 0, 13, 37, 0, 'FF', 9, 14, 4, 'Current:', '', '', 2, 2),
(105, 'c41a4cf6fefaf756a24f0a9510580724', 0, 0, 13, 37, 0, 'FF', 9, 14, 1, 'Average:', '', '', 2, 3),
(106, '9efa8f01c6ed11364a21710ff170f422', 0, 0, 13, 37, 0, 'FF', 9, 14, 3, 'Maximum:', '', 'on', 2, 4),
(107, '95d6e4e5110b456f34324f7941d08318', 0, 0, 13, 36, 35, 'FF', 8, 14, 1, 'Memory Buffers', '', '', 2, 5),
(108, '0c631bfc0785a9cca68489ea87a6c3da', 0, 0, 13, 36, 0, 'FF', 9, 14, 4, 'Current:', '', '', 2, 6),
(109, '3468579d3b671dfb788696df7dcc1ec9', 0, 0, 13, 36, 0, 'FF', 9, 14, 1, 'Average:', '', '', 2, 7),
(110, 'c3ddfdaa65449f99b7f1a735307f9abe', 0, 0, 13, 36, 0, 'FF', 9, 14, 3, 'Maximum:', '', 'on', 2, 8),
(111, '4c64d5c1ce8b5d8b94129c23b46a5fd6', 0, 0, 14, 28, 41, 'FF', 7, 0, 1, 'Cache Hits', '', '', 2, 1),
(112, '5c1845c9bd1af684a3c0ad843df69e3e', 0, 0, 14, 28, 0, 'FF', 9, 0, 4, 'Current:', '', '', 3, 2),
(113, 'e5169563f3f361701902a8da3ac0c77f', 0, 0, 14, 28, 0, 'FF', 9, 0, 1, 'Average:', '', '', 3, 3),
(114, '35e87262efa521edbb1fd27f09c036f5', 0, 0, 14, 28, 0, 'FF', 9, 0, 3, 'Maximum:', '', 'on', 3, 4),
(115, '53069d7dba4c31b338f609bea4cd16f3', 0, 0, 14, 27, 66, 'FF', 8, 0, 1, 'Cache Checks', '', '', 2, 5),
(116, 'd9c102579839c5575806334d342b50de', 0, 0, 14, 27, 0, 'FF', 9, 0, 4, 'Current:', '', '', 3, 6),
(117, 'dc1897c3249dbabe269af49cee92f8c0', 0, 0, 14, 27, 0, 'FF', 9, 0, 1, 'Average:', '', '', 3, 7),
(118, 'ccd21fe0b5a8c24057f1eff4a6b66391', 0, 0, 14, 27, 0, 'FF', 9, 0, 3, 'Maximum:', '', 'on', 3, 8),
(119, 'ab09d41c358f6b8a9d0cad4eccc25529', 0, 0, 15, 76, 9, 'FF', 7, 0, 1, 'CPU Utilization', '', '', 2, 1),
(120, '5d5b8d8fbe751dc9c86ee86f85d7433b', 0, 0, 15, 76, 0, 'FF', 9, 0, 4, 'Current:', '', '', 3, 2),
(121, '4822a98464c6da2afff10c6d12df1831', 0, 0, 15, 76, 0, 'FF', 9, 0, 1, 'Average:', '', '', 3, 3),
(122, 'fc6fbf2a964bea0b3c88ed0f18616aa7', 0, 0, 15, 76, 0, 'FF', 9, 0, 3, 'Maximum:', '', 'on', 3, 4),
(123, 'e4094625d5443b4c87f9a87ba616a469', 0, 0, 16, 25, 67, 'FF', 7, 0, 1, 'File System Reads', '', '', 2, 1),
(124, 'ae68425cd10e8a6623076b2e6859a6aa', 0, 0, 16, 25, 0, 'FF', 9, 0, 4, 'Current:', '', '', 3, 2),
(125, '40b8e14c6568b3f6be6a5d89d6a9f061', 0, 0, 16, 25, 0, 'FF', 9, 0, 1, 'Average:', '', '', 3, 3),
(126, '4afbdc3851c03e206672930746b1a5e2', 0, 0, 16, 25, 0, 'FF', 9, 0, 3, 'Maximum:', '', 'on', 3, 4),
(127, 'ea47d2b5516e334bc5f6ce1698a3ae76', 0, 0, 16, 26, 93, 'FF', 8, 0, 1, 'File System Writes', '', '', 2, 5),
(128, '899c48a2f79ea3ad4629aff130d0f371', 0, 0, 16, 26, 0, 'FF', 9, 0, 4, 'Current:', '', '', 3, 6),
(129, 'ab474d7da77e9ec1f6a1d45c602580cd', 0, 0, 16, 26, 0, 'FF', 9, 0, 1, 'Average:', '', '', 3, 7),
(130, 'e143f8b4c6d4eeb6a28b052e6b8ce5a9', 0, 0, 16, 26, 0, 'FF', 9, 0, 3, 'Maximum:', '', 'on', 3, 8),
(131, 'facfeeb6fc2255ba2985b2d2f695d78a', 0, 0, 17, 23, 30, 'FF', 7, 0, 1, 'Current Logins', '', '', 2, 1),
(132, '2470e43034a5560260d79084432ed14f', 0, 0, 17, 23, 0, 'FF', 9, 0, 4, 'Current:', '', '', 3, 2),
(133, 'e9e645f07bde92b52d93a7a1f65efb30', 0, 0, 17, 23, 0, 'FF', 9, 0, 1, 'Average:', '', '', 3, 3),
(134, 'bdfe0d66103211cfdaa267a44a98b092', 0, 0, 17, 23, 0, 'FF', 9, 0, 3, 'Maximum:', '', 'on', 3, 4),
(139, '098b10c13a5701ddb7d4d1d2e2b0fdb7', 0, 0, 18, 30, 9, 'FF', 7, 0, 1, 'CPU Usage', '', '', 2, 1),
(140, '1dbda412a9926b0ee5c025aa08f3b230', 0, 0, 18, 30, 0, 'FF', 9, 0, 4, 'Current:', '', '', 3, 2),
(141, '725c45917146807b6a4257fc351f2bae', 0, 0, 18, 30, 0, 'FF', 9, 0, 1, 'Average:', '', '', 3, 3),
(142, '4e336fdfeb84ce65f81ded0e0159a5e0', 0, 0, 18, 30, 0, 'FF', 9, 0, 3, 'Maximum:', '', 'on', 3, 4),
(143, '7dab7a3ceae2addd1cebddee6c483e7c', 0, 0, 19, 39, 25, 'FF', 7, 14, 1, 'Free Space', '', '', 2, 5),
(144, 'aea239f3ceea8c63d02e453e536190b8', 0, 0, 19, 39, 0, 'FF', 9, 14, 4, 'Current:', '', '', 2, 6),
(145, 'a0efae92968a6d4ae099b676e0f1430e', 0, 0, 19, 39, 0, 'FF', 9, 14, 1, 'Average:', '', '', 2, 7),
(146, '4fd5ba88be16e3d513c9231b78ccf0e1', 0, 0, 19, 39, 0, 'FF', 9, 14, 3, 'Maximum:', '', 'on', 2, 8),
(147, 'd2e98e51189e1d9be8888c3d5c5a4029', 0, 0, 19, 38, 69, 'FF', 7, 14, 1, 'Total Space', '', '', 2, 1),
(148, '12829294ee3958f4a31a58a61228e027', 0, 0, 19, 38, 0, 'FF', 9, 14, 4, 'Current:', '', '', 2, 2),
(149, '4b7e8755b0f2253723c1e9fb21fd37b1', 0, 0, 19, 38, 0, 'FF', 9, 14, 1, 'Average:', '', '', 2, 3),
(150, 'cbb19ffd7a0ead2bf61512e86d51ee8e', 0, 0, 19, 38, 0, 'FF', 9, 14, 3, 'Maximum:', '', 'on', 2, 4),
(151, '37b4cbed68f9b77e49149343069843b4', 0, 0, 19, 40, 95, 'FF', 5, 14, 1, 'Freeable Space', '', '', 2, 9),
(152, '5eb7532200f2b5cc93e13743a7db027c', 0, 0, 19, 40, 0, 'FF', 9, 14, 4, 'Current:', '', '', 2, 10),
(153, 'b0f9f602fbeaaff090ea3f930b46c1c7', 0, 0, 19, 40, 0, 'FF', 9, 14, 1, 'Average:', '', '', 2, 11),
(154, '06477f7ea46c63272cee7253e7cd8760', 0, 0, 19, 40, 0, 'FF', 9, 14, 3, 'Maximum:', '', 'on', 2, 12),
(171, 'a751838f87068e073b95be9555c57bde', 0, 0, 21, 56, 0, 'FF', 9, 14, 3, 'Maximum:', '', 'on', 2, 4),
(170, '3b13eb2e542fe006c9bf86947a6854fa', 0, 0, 21, 56, 0, 'FF', 9, 14, 1, 'Average:', '', '', 2, 3),
(169, '8ef3e7fb7ce962183f489725939ea40f', 0, 0, 21, 56, 0, 'FF', 9, 14, 4, 'Current:', '', '', 2, 2),
(167, '6ca2161c37b0118786dbdb46ad767e5d', 0, 0, 21, 56, 48, 'FF', 7, 14, 1, 'Used', '', '', 2, 1),
(159, '6877a2a5362a9390565758b08b9b37f7', 0, 0, 20, 43, 77, 'FF', 7, 0, 1, 'Used Directory Entries', '', '', 2, 1),
(160, 'a978834f3d02d833d3d2def243503bf2', 0, 0, 20, 43, 0, 'FF', 9, 0, 4, 'Current:', '', '', 3, 2),
(161, '7422d87bc82de20a4333bd2f6460b2d4', 0, 0, 20, 43, 0, 'FF', 9, 0, 1, 'Average:', '', '', 3, 3),
(162, '4d52762859a3fec297ebda0e7fd760d9', 0, 0, 20, 43, 0, 'FF', 9, 0, 3, 'Maximum:', '', 'on', 3, 4),
(163, '999d4ed1128ff03edf8ea47e56d361dd', 0, 0, 20, 42, 1, 'FF', 5, 0, 1, 'Available Directory Entries', '', '', 2, 5),
(164, '3dfcd7f8c7a760ac89d34398af79b979', 0, 0, 20, 42, 0, 'FF', 9, 0, 4, 'Current:', '', '', 3, 6),
(165, '217be75e28505c8f8148dec6b71b9b63', 0, 0, 20, 42, 0, 'FF', 9, 0, 1, 'Average:', '', '', 3, 7),
(166, '69b89e1c5d6fc6182c93285b967f970a', 0, 0, 20, 42, 0, 'FF', 9, 0, 3, 'Maximum:', '', 'on', 3, 8),
(172, '5d6dff9c14c71dc1ebf83e87f1c25695', 0, 0, 21, 44, 20, 'FF', 8, 14, 1, 'Available', '', '', 2, 5),
(173, 'b27cb9a158187d29d17abddc6fdf0f15', 0, 0, 21, 44, 0, 'FF', 9, 14, 4, 'Current:', '', '', 2, 6),
(174, '6c0555013bb9b964e51d22f108dae9b0', 0, 0, 21, 44, 0, 'FF', 9, 14, 1, 'Average:', '', '', 2, 7),
(175, '42ce58ec17ef5199145fbf9c6ee39869', 0, 0, 21, 44, 0, 'FF', 9, 14, 3, 'Maximum:', '', 'on', 2, 8),
(176, '9bdff98f2394f666deea028cbca685f3', 0, 0, 21, 0, 1, 'FF', 5, 15, 1, 'Total', '', '', 2, 9),
(177, 'fb831fefcf602bc31d9d24e8e456c2e6', 0, 0, 21, 0, 0, 'FF', 9, 15, 4, 'Current:', '', '', 2, 10),
(178, '5a958d56785a606c08200ef8dbf8deef', 0, 0, 21, 0, 0, 'FF', 9, 15, 1, 'Average:', '', '', 2, 11),
(179, '5ce67a658cec37f526dc84ac9e08d6e7', 0, 0, 21, 0, 0, 'FF', 9, 15, 3, 'Maximum:', '', 'on', 2, 12),
(180, '7e04a041721df1f8828381a9ea2f2154', 0, 0, 22, 47, 31, 'FF', 4, 0, 1, 'Discards In', '', '', 2, 1),
(181, 'afc8bca6b1b3030a6d71818272336c6c', 0, 0, 22, 47, 0, 'FF', 9, 0, 4, 'Current:', '', '', 2, 2),
(182, '6ac169785f5aeaf1cc5cdfd38dfcfb6c', 0, 0, 22, 47, 0, 'FF', 9, 0, 1, 'Average:', '', '', 2, 3),
(183, '178c0a0ce001d36a663ff6f213c07505', 0, 0, 22, 47, 0, 'FF', 9, 0, 3, 'Maximum:', '', 'on', 2, 4),
(184, '8e3268c0abde7550616bff719f10ee2f', 0, 0, 22, 46, 48, 'FF', 4, 0, 1, 'Errors In', '', '', 2, 5),
(185, '18891392b149de63b62c4258a68d75f8', 0, 0, 22, 46, 0, 'FF', 9, 0, 4, 'Current:', '', '', 2, 6),
(186, 'dfc9d23de0182c9967ae3dabdfa55a16', 0, 0, 22, 46, 0, 'FF', 9, 0, 1, 'Average:', '', '', 2, 7),
(187, 'c47ba64e2e5ea8bf84aceec644513176', 0, 0, 22, 46, 0, 'FF', 9, 0, 3, 'Maximum:', '', 'on', 2, 8),
(188, '9d052e7d632c479737fbfaced0821f79', 0, 0, 23, 49, 71, 'FF', 4, 0, 1, 'Unicast Packets Out', '', '', 2, 5),
(189, '9b9fa6268571b6a04fa4411d8e08c730', 0, 0, 23, 49, 0, 'FF', 9, 0, 4, 'Current:', '', '', 2, 6),
(190, '8e8f2fbeb624029cbda1d2a6ddd991ba', 0, 0, 23, 49, 0, 'FF', 9, 0, 1, 'Average:', '', '', 2, 7),
(191, 'c76495beb1ed01f0799838eb8a893124', 0, 0, 23, 49, 0, 'FF', 9, 0, 3, 'Maximum:', '', 'on', 2, 8),
(192, 'd4e5f253f01c3ea77182c5a46418fc44', 0, 0, 23, 48, 25, 'FF', 7, 0, 1, 'Unicast Packets In', '', '', 2, 1),
(193, '526a96add143da021c5f00d8764a6c12', 0, 0, 23, 48, 0, 'FF', 9, 0, 4, 'Current:', '', '', 2, 2),
(194, '81eeb46f451212f00fd7caee42a81c0b', 0, 0, 23, 48, 0, 'FF', 9, 0, 1, 'Average:', '', '', 2, 3),
(195, '089e4d1c3faeb00fd5dcc9622b06d656', 0, 0, 23, 48, 0, 'FF', 9, 0, 3, 'Maximum:', '', 'on', 2, 4),
(196, 'fe66cb973966d22250de073405664200', 0, 0, 24, 53, 25, 'FF', 7, 0, 1, 'Non-Unicast Packets In', '', '', 2, 1),
(197, '1ba3fc3466ad32fdd2669cac6cad6faa', 0, 0, 24, 53, 0, 'FF', 9, 0, 4, 'Current:', '', '', 2, 2),
(198, 'f810154d3a934c723c21659e66199cdf', 0, 0, 24, 53, 0, 'FF', 9, 0, 1, 'Average:', '', '', 2, 3),
(199, '98a161df359b01304346657ff1a9d787', 0, 0, 24, 53, 0, 'FF', 9, 0, 3, 'Maximum:', '', 'on', 2, 4),
(200, 'd5e55eaf617ad1f0516f6343b3f07c5e', 0, 0, 24, 52, 71, 'FF', 4, 0, 1, 'Non-Unicast Packets Out', '', '', 2, 5),
(201, '9fde6b8c84089b9f9044e681162e7567', 0, 0, 24, 52, 0, 'FF', 9, 0, 4, 'Current:', '', '', 2, 6),
(202, '9a3510727c3d9fa7e2e7a015783a99b3', 0, 0, 24, 52, 0, 'FF', 9, 0, 1, 'Average:', '', '', 2, 7),
(203, '451afd23f2cb59ab9b975fd6e2735815', 0, 0, 24, 52, 0, 'FF', 9, 0, 3, 'Maximum:', '', 'on', 2, 8),
(204, '617d10dff9bbc3edd9d733d9c254da76', 0, 0, 22, 50, 18, 'FF', 4, 0, 1, 'Discards Out', '', '', 2, 9),
(205, '9269a66502c34d00ac3c8b1fcc329ac6', 0, 0, 22, 50, 0, 'FF', 9, 0, 4, 'Current:', '', '', 2, 10),
(206, 'd45deed7e1ad8350f3b46b537ae0a933', 0, 0, 22, 50, 0, 'FF', 9, 0, 1, 'Average:', '', '', 2, 11),
(207, '2f64cf47dc156e8c800ae03c3b893e3c', 0, 0, 22, 50, 0, 'FF', 9, 0, 3, 'Maximum:', '', 'on', 2, 12),
(208, '57434bef8cb21283c1a73f055b0ada19', 0, 0, 22, 51, 89, 'FF', 4, 0, 1, 'Errors Out', '', '', 2, 13),
(209, '660a1b9365ccbba356fd142faaec9f04', 0, 0, 22, 51, 0, 'FF', 9, 0, 4, 'Current:', '', '', 2, 14),
(210, '28c5297bdaedcca29acf245ef4bbed9e', 0, 0, 22, 51, 0, 'FF', 9, 0, 1, 'Average:', '', '', 2, 15),
(211, '99098604fd0c78fd7dabac8f40f1fb29', 0, 0, 22, 51, 0, 'FF', 9, 0, 3, 'Maximum:', '', 'on', 2, 16),
(212, 'de3eefd6d6c58afabdabcaf6c0168378', 0, 0, 25, 54, 22, 'FF', 7, 0, 1, 'Inbound', '', '', 2, 1),
(213, '1a80fa108f5c46eecb03090c65bc9a12', 0, 0, 25, 54, 0, 'FF', 9, 0, 4, 'Current:', '', '', 2, 2),
(214, 'fe458892e7faa9d232e343d911e845f3', 0, 0, 25, 54, 0, 'FF', 9, 0, 1, 'Average:', '', '', 2, 3),
(215, '175c0a68689bebc38aad2fbc271047b3', 0, 0, 25, 54, 0, 'FF', 9, 0, 3, 'Maximum:', '', 'on', 2, 4),
(216, '1bf2283106510491ddf3b9c1376c0b31', 0, 0, 25, 55, 20, 'FF', 4, 0, 1, 'Outbound', '', '', 2, 5),
(217, 'c5202f1690ffe45600c0d31a4a804f67', 0, 0, 25, 55, 0, 'FF', 9, 0, 4, 'Current:', '', '', 2, 6),
(218, 'eb9794e3fdafc2b74f0819269569ed40', 0, 0, 25, 55, 0, 'FF', 9, 0, 1, 'Average:', '', '', 2, 7),
(219, '6bcedd61e3ccf7518ca431940c93c439', 0, 0, 25, 55, 0, 'FF', 9, 0, 3, 'Maximum:', '', 'on', 2, 8),
(303, 'b7b381d47972f836785d338a3bef6661', 0, 0, 26, 78, 0, 'FF', 9, 0, 3, 'Maximum:', '', 'on', 2, 8),
(304, '36fa8063df3b07cece878d54443db727', 0, 0, 26, 78, 0, 'FF', 9, 0, 1, 'Average:', '', '', 2, 7),
(305, '2c35b5cae64c5f146a55fcb416dd14b5', 0, 0, 26, 78, 0, 'FF', 9, 0, 4, 'Current:', '', '', 2, 6),
(306, '16d6a9a7f608762ad65b0841e5ef4e9c', 0, 0, 26, 78, 48, 'FF', 7, 0, 1, 'Used', '', '', 2, 5),
(307, 'd80e4a4901ab86ee39c9cc613e13532f', 0, 0, 26, 92, 20, 'FF', 7, 0, 1, 'Total', '', '', 2, 1),
(308, '567c2214ee4753aa712c3d101ea49a5d', 0, 0, 26, 92, 0, 'FF', 9, 0, 4, 'Current:', '', '', 2, 2),
(309, 'ba0b6a9e316ef9be66abba68b80f7587', 0, 0, 26, 92, 0, 'FF', 9, 0, 1, 'Average:', '', '', 2, 3),
(310, '4b8e4a6bf2757f04c3e3a088338a2f7a', 0, 0, 26, 92, 0, 'FF', 9, 0, 3, 'Maximum:', '', 'on', 2, 4),
(317, '8536e034ab5268a61473f1ff2f6bd88f', 0, 0, 27, 79, 0, 'FF', 9, 0, 1, 'Average:', '', '', 3, 3),
(316, 'd478a76de1df9edf896c9ce51506c483', 0, 0, 27, 79, 0, 'FF', 9, 0, 4, 'Current:', '', '', 3, 2),
(315, '42537599b5fb8ea852240b58a58633de', 0, 0, 27, 79, 9, 'FF', 7, 0, 1, 'CPU Utilization', '', '', 2, 1),
(318, '87e10f9942b625aa323a0f39b60058e7', 0, 0, 27, 79, 0, 'FF', 9, 0, 3, 'Maximum:', '', 'on', 3, 4),
(319, '38f6891b0db92aa8950b4ce7ae902741', 0, 0, 28, 81, 67, 'FF', 7, 0, 1, 'Users', '', '', 2, 1),
(320, 'af13152956a20aa894ef4a4067b88f63', 0, 0, 28, 81, 0, 'FF', 9, 0, 4, 'Current:', '', '', 3, 2),
(321, '1b2388bbede4459930c57dc93645284e', 0, 0, 28, 81, 0, 'FF', 9, 0, 1, 'Average:', '', '', 3, 3),
(322, '6407dc226db1d03be9730f4d6f3eeccf', 0, 0, 28, 81, 0, 'FF', 9, 0, 3, 'Maximum:', '', 'on', 3, 4),
(323, 'fca6a530c8f37476b9004a90b42ee988', 0, 0, 29, 80, 48, 'FF', 7, 0, 1, 'Running Processes', '', '', 2, 1),
(324, '5acebbde3dc65e02f8fda03955852fbe', 0, 0, 29, 80, 0, 'FF', 9, 0, 4, 'Current:', '', '', 3, 2),
(325, '311079ffffac75efaab2837df8123122', 0, 0, 29, 80, 0, 'FF', 9, 0, 1, 'Average:', '', '', 3, 3),
(326, '724d27007ebf31016cfa5530fee1b867', 0, 0, 29, 80, 0, 'FF', 9, 0, 3, 'Maximum:', '', 'on', 3, 4),
(373, '1995d8c23e7d8e1efa2b2c55daf3c5a7', 0, 0, 32, 54, 22, 'FF', 7, 2, 1, 'Inbound', '', '', 2, 1),
(358, '803b96bcaec33148901b4b562d9d2344', 0, 0, 30, 29, 89, 'FF', 7, 0, 1, 'Open Files', '', '', 2, 1),
(359, 'da26dd92666cb840f8a70e2ec5e90c07', 0, 0, 30, 29, 0, 'FF', 9, 0, 4, 'Current:', '', '', 3, 2),
(360, '5258970186e4407ed31cca2782650c45', 0, 0, 30, 29, 0, 'FF', 9, 0, 1, 'Average:', '', '', 3, 3),
(361, '7d08b996bde9cdc7efa650c7031137b4', 0, 0, 30, 29, 0, 'FF', 9, 0, 3, 'Maximum:', '', 'on', 3, 4),
(362, '918e6e7d41bb4bae0ea2937b461742a4', 0, 0, 31, 54, 22, 'FF', 7, 2, 1, 'Inbound', '', '', 2, 1),
(363, 'f19fbd06c989ea85acd6b4f926e4a456', 0, 0, 31, 54, 0, 'FF', 9, 2, 4, 'Current:', '', '', 2, 2),
(364, 'fc150a15e20c57e11e8d05feca557ef9', 0, 0, 31, 54, 0, 'FF', 9, 2, 1, 'Average:', '', '', 2, 3),
(365, 'ccbd86e03ccf07483b4d29e63612fb18', 0, 0, 31, 54, 0, 'FF', 9, 2, 3, 'Maximum:', '', 'on', 2, 4),
(366, '964c5c30cd05eaf5a49c0377d173de86', 0, 0, 31, 55, 20, 'FF', 4, 2, 1, 'Outbound', '', '', 2, 5),
(367, 'b1a6fb775cf62e79e1c4bc4933c7e4ce', 0, 0, 31, 55, 0, 'FF', 9, 2, 4, 'Current:', '', '', 2, 6),
(368, '721038182a872ab266b5cf1bf7f7755c', 0, 0, 31, 55, 0, 'FF', 9, 2, 1, 'Average:', '', '', 2, 7),
(369, '2302f80c2c70b897d12182a1fc11ecd6', 0, 0, 31, 55, 0, 'FF', 9, 2, 3, 'Maximum:', '', 'on', 2, 8),
(370, '4ffc7af8533d103748316752b70f8e3c', 0, 0, 31, 0, 0, 'FF', 1, 0, 1, '', '', '', 2, 9),
(371, '64527c4b6eeeaf627acc5117ff2180fd', 0, 0, 31, 55, 9, 'FF', 2, 0, 1, '95th Percentile', '|95:bits:0:max:2|', '', 2, 10),
(372, 'd5bbcbdbf83ae858862611ac6de8fc62', 0, 0, 31, 55, 0, 'FF', 1, 0, 1, '(|95:bits:6:max:2| mbit in+out)', '', 'on', 2, 11),
(374, '55083351cd728b82cc4dde68eb935700', 0, 0, 32, 54, 0, 'FF', 9, 2, 4, 'Current:', '', '', 2, 2),
(375, '54782f71929e7d1734ed5ad4b8dda50d', 0, 0, 32, 54, 0, 'FF', 9, 2, 1, 'Average:', '', '', 2, 3),
(376, '88d3094d5dc2164cbf2f974aeb92f051', 0, 0, 32, 54, 0, 'FF', 9, 2, 3, 'Maximum:', '', 'on', 2, 4),
(377, '4a381a8e87d4db1ac99cf8d9078266d3', 0, 0, 32, 55, 20, 'FF', 4, 2, 1, 'Outbound', '', '', 2, 6),
(378, '5bff63207c7bf076d76ff3036b5dad54', 0, 0, 32, 55, 0, 'FF', 9, 2, 4, 'Current:', '', '', 2, 7),
(379, '979fff9d691ca35e3f4b3383d9cae43f', 0, 0, 32, 55, 0, 'FF', 9, 2, 1, 'Average:', '', '', 2, 8),
(380, '0e715933830112c23c15f7e3463f77b6', 0, 0, 32, 55, 0, 'FF', 9, 2, 3, 'Maximum:', '', 'on', 2, 11),
(383, '5b43e4102600ad75379c5afd235099c4', 0, 0, 32, 54, 0, 'FF', 1, 0, 1, 'Total In:  |sum:auto:current:2:auto|', '', 'on', 2, 5),
(384, 'db7c15d253ca666601b3296f2574edc9', 0, 0, 32, 55, 0, 'FF', 1, 0, 1, 'Total Out: |sum:auto:current:2:auto|', '', 'on', 2, 12),
(385, 'fdaec5b9227522c758ad55882c483a83', 0, 0, 33, 55, 0, 'FF', 9, 0, 3, 'Maximum:', '', 'on', 2, 11),
(386, '6824d29c3f13fe1e849f1dbb8377d3f1', 0, 0, 33, 55, 0, 'FF', 9, 0, 1, 'Average:', '', '', 2, 8),
(387, '54e3971b3dd751dd2509f62721c12b41', 0, 0, 33, 55, 0, 'FF', 9, 0, 4, 'Current:', '', '', 2, 7),
(388, 'cf8c9f69878f0f595d583eac109a9be1', 0, 0, 33, 55, 20, 'FF', 4, 0, 1, 'Outbound', '', '', 2, 6),
(389, 'de265acbbfa99eb4b3e9f7e90c7feeda', 0, 0, 33, 54, 0, 'FF', 9, 0, 3, 'Maximum:', '', 'on', 2, 4),
(390, '777aa88fb0a79b60d081e0e3759f1cf7', 0, 0, 33, 54, 0, 'FF', 9, 0, 1, 'Average:', '', '', 2, 3),
(391, '66bfdb701c8eeadffe55e926d6e77e71', 0, 0, 33, 54, 0, 'FF', 9, 0, 4, 'Current:', '', '', 2, 2),
(392, '3ff8dba1ca6279692b3fcabed0bc2631', 0, 0, 33, 54, 22, 'FF', 7, 0, 1, 'Inbound', '', '', 2, 1),
(393, 'd6041d14f9c8fb9b7ddcf3556f763c03', 0, 0, 33, 55, 0, 'FF', 1, 0, 1, 'Total Out: |sum:auto:current:2:auto|', '', 'on', 2, 12),
(394, '76ae747365553a02313a2d8a0dd55c8a', 0, 0, 33, 54, 0, 'FF', 1, 0, 1, 'Total In:  |sum:auto:current:2:auto|', '', 'on', 2, 5),
(403, '8a1b44ab97d3b56207d0e9e77a035d25', 0, 0, 13, 95, 30, 'FF', 8, 14, 1, 'Cache Memory', '', '', 2, 9),
(404, '6db3f439e9764941ff43fbaae348f5dc', 0, 0, 13, 95, 0, 'FF', 9, 14, 4, 'Current:', '', '', 2, 10),
(405, 'cc9b2fe7acf0820caa61c1519193f65e', 0, 0, 13, 95, 0, 'FF', 9, 14, 1, 'Average:', '', '', 2, 11),
(406, '9eea140bdfeaa40d50c5cdcd1f23f72d', 0, 0, 13, 95, 0, 'FF', 9, 14, 3, 'Maximum:', '', 'on', 2, 12),
(407, '41316670b1a36171de2bda91a0cc2364', 0, 0, 34, 96, 98, 'FF', 7, 0, 1, '', '', '', 2, 1),
(408, 'c9e8cbdca0215b434c902e68755903ea', 0, 0, 34, 96, 0, 'FF', 9, 0, 4, 'Current:', '', '', 2, 2),
(409, 'dab91d7093e720841393feea5bdcba85', 0, 0, 34, 96, 0, 'FF', 9, 0, 1, 'Average:', '', '', 2, 3),
(410, '03e5bd2151fea3c90843eb1130b84458', 0, 0, 34, 96, 0, 'FF', 9, 0, 3, 'Maximum:', '', 'on', 2, 4),
(4877, '', 179, 605, 21, 0, 0, 'FF', 9, 15, 3, 'Maximum:', '', 'on', 2, 12),
(4876, '', 178, 605, 21, 0, 0, 'FF', 9, 15, 1, 'Average:', '', '', 2, 11),
(4875, '', 177, 605, 21, 0, 0, 'FF', 9, 15, 4, 'Current:', '', '', 2, 10),
(4874, '', 176, 605, 21, 0, 1, 'FF', 5, 15, 1, 'Total', '', '', 2, 9),
(4873, '', 175, 605, 21, 1184, 0, 'FF', 9, 14, 3, 'Maximum:', '', 'on', 2, 8),
(4872, '', 174, 605, 21, 1184, 0, 'FF', 9, 14, 1, 'Average:', '', '', 2, 7),
(4871, '', 173, 605, 21, 1184, 0, 'FF', 9, 14, 4, 'Current:', '', '', 2, 6),
(4870, '', 172, 605, 21, 1184, 20, 'FF', 8, 14, 1, 'Available', '', '', 2, 5),
(4869, '', 171, 605, 21, 1185, 0, 'FF', 9, 14, 3, 'Maximum:', '', 'on', 2, 4),
(4868, '', 170, 605, 21, 1185, 0, 'FF', 9, 14, 1, 'Average:', '', '', 2, 3),
(4867, '', 169, 605, 21, 1185, 0, 'FF', 9, 14, 4, 'Current:', '', '', 2, 2),
(4866, '', 167, 605, 21, 1185, 48, 'FF', 7, 14, 1, 'Used', '', '', 2, 1),
(4865, '', 179, 604, 21, 0, 0, 'FF', 9, 15, 3, 'Maximum:', '', 'on', 2, 12),
(4864, '', 178, 604, 21, 0, 0, 'FF', 9, 15, 1, 'Average:', '', '', 2, 11),
(4863, '', 177, 604, 21, 0, 0, 'FF', 9, 15, 4, 'Current:', '', '', 2, 10),
(4862, '', 176, 604, 21, 0, 1, 'FF', 5, 15, 1, 'Total', '', '', 2, 9),
(4861, '', 175, 604, 21, 1182, 0, 'FF', 9, 14, 3, 'Maximum:', '', 'on', 2, 8),
(4860, '', 174, 604, 21, 1182, 0, 'FF', 9, 14, 1, 'Average:', '', '', 2, 7),
(4859, '', 173, 604, 21, 1182, 0, 'FF', 9, 14, 4, 'Current:', '', '', 2, 6),
(4858, '', 172, 604, 21, 1182, 20, 'FF', 8, 14, 1, 'Available', '', '', 2, 5),
(4857, '', 171, 604, 21, 1183, 0, 'FF', 9, 14, 3, 'Maximum:', '', 'on', 2, 4),
(4856, '', 170, 604, 21, 1183, 0, 'FF', 9, 14, 1, 'Average:', '', '', 2, 3),
(4855, '', 169, 604, 21, 1183, 0, 'FF', 9, 14, 4, 'Current:', '', '', 2, 2),
(4854, '', 167, 604, 21, 1183, 48, 'FF', 7, 14, 1, 'Used', '', '', 2, 1),
(4853, '', 68, 603, 8, 1181, 0, 'FF', 9, 0, 3, 'Maximum:', '', 'on', 3, 4),
(4852, '', 67, 603, 8, 1181, 0, 'FF', 9, 0, 1, 'Average:', '', '', 3, 3),
(4851, '', 66, 603, 8, 1181, 0, 'FF', 9, 0, 4, 'Current:', '', '', 3, 2),
(4850, '', 65, 603, 8, 1181, 48, 'FF', 7, 0, 1, 'Running Processes', '', '', 2, 1),
(4849, '', 79, 602, 10, 1180, 0, 'FF', 9, 0, 3, 'Maximum:', '', 'on', 3, 4),
(4848, '', 78, 602, 10, 1180, 0, 'FF', 9, 0, 1, 'Average:', '', '', 3, 3),
(4847, '', 77, 602, 10, 1180, 0, 'FF', 9, 0, 4, 'Current:', '', '', 3, 2),
(4846, '', 76, 602, 10, 1180, 67, 'FF', 7, 0, 1, 'Users', '', '', 2, 1),
(4845, '', 75, 601, 9, 0, 1, 'FF', 4, 12, 1, '', '', 'on', 2, 7),
(4844, '', 74, 601, 9, 1179, 0, 'FF', 9, 0, 4, 'Current:', '', 'on', 4, 6),
(4843, '', 73, 601, 9, 1179, 9, 'FF', 8, 0, 1, '15 Minute Average', '', '', 2, 5),
(4842, '', 72, 601, 9, 1178, 0, 'FF', 9, 0, 4, 'Current:', '', 'on', 4, 4),
(4841, '', 71, 601, 9, 1178, 8, 'FF', 8, 0, 1, '5 Minute Average', '', '', 2, 3),
(4840, '', 70, 601, 9, 1177, 0, 'FF', 9, 0, 4, 'Current:', '', 'on', 4, 2),
(4839, '', 69, 601, 9, 1177, 15, 'FF', 7, 0, 1, '1 Minute Average', '', '', 2, 1),
(4838, '', 102, 600, 12, 1176, 0, 'FF', 9, 14, 3, 'Maximum:', '', 'on', 2, 16),
(4837, '', 101, 600, 12, 1176, 0, 'FF', 9, 14, 1, 'Average:', '', '', 2, 15),
(4836, '', 100, 600, 12, 1176, 0, 'FF', 9, 14, 4, 'Current:', '', '', 2, 14),
(4835, '', 99, 600, 12, 1176, 30, 'FF', 8, 14, 1, 'Swap', '', '', 2, 13),
(4834, '', 98, 600, 12, 1175, 0, 'FF', 9, 14, 3, 'Maximum:', '', 'on', 2, 12),
(4833, '', 97, 600, 12, 1175, 0, 'FF', 9, 14, 1, 'Average:', '', '', 2, 11),
(4832, '', 96, 600, 12, 1175, 0, 'FF', 9, 14, 4, 'Current:', '', '', 2, 10),
(4831, '', 95, 600, 12, 1175, 41, 'FF', 7, 14, 1, 'Free', '', '', 2, 9);

-- --------------------------------------------------------

--
-- 表的结构 `graph_template_input`
--

CREATE TABLE `graph_template_input` (
  `id` mediumint(8) UNSIGNED NOT NULL,
  `hash` varchar(32) NOT NULL DEFAULT '',
  `graph_template_id` mediumint(8) UNSIGNED NOT NULL DEFAULT 0,
  `name` varchar(255) NOT NULL DEFAULT '',
  `description` text DEFAULT NULL,
  `column_name` varchar(50) NOT NULL DEFAULT ''
) ENGINE=MyISAM DEFAULT CHARSET=latin1 COMMENT='Stores the names for graph item input groups.';

--
-- 转存表中的数据 `graph_template_input`
--

INSERT INTO `graph_template_input` (`id`, `hash`, `graph_template_id`, `name`, `description`, `column_name`) VALUES
(3, 'e9d4191277fdfd7d54171f153da57fb0', 2, 'Inbound Data Source', '', 'task_item_id'),
(4, '7b361722a11a03238ee8ab7ce44a1037', 2, 'Outbound Data Source', '', 'task_item_id'),
(5, 'b33eb27833614056e06ee5952c3e0724', 3, 'Available Disk Space Data Source', '', 'task_item_id'),
(6, 'ef8799e63ee00e8904bcc4228015784a', 3, 'Used Disk Space Data Source', '', 'task_item_id'),
(7, '2662ef4fbb0bf92317ffd42c7515af37', 5, 'Signal Level Data Source', '', 'task_item_id'),
(8, 'a6edef6624c796d3a6055305e2e3d4bf', 5, 'Noise Level Data Source', '', 'task_item_id'),
(9, 'b0e902db1875e392a9d7d69bfbb13515', 5, 'Signal Level Color', '', 'color_id'),
(10, '24632b1d4a561e937225d0a5fbe65e41', 5, 'Noise Level Color', '', 'color_id'),
(11, '6d078f1d58b70ad154a89eb80fe6ab75', 6, 'Transmissions Data Source', '', 'task_item_id'),
(12, '878241872dd81c68d78e6ff94871d97d', 6, 'Re-Transmissions Data Source', '', 'task_item_id'),
(13, 'f8fcdc3a3f0e8ead33bd9751895a3462', 6, 'Transmissions Color', '', 'color_id'),
(14, '394ab4713a34198dddb5175aa40a2b4a', 6, 'Re-Transmissions Color', '', 'color_id'),
(15, '433f328369f9569446ddc59555a63eb8', 7, 'Ping Host Data Source', '', 'task_item_id'),
(16, 'a1a91c1514c65152d8cb73522ea9d4e6', 7, 'Legend Color', '', 'color_id'),
(17, '2fb4deb1448379b27ddc64e30e70dc42', 7, 'Legend Text', '', 'text_format'),
(18, '592cedd465877bc61ab549df688b0b2a', 8, 'Processes Data Source', '', 'task_item_id'),
(19, '1d51dbabb200fcea5c4b157129a75410', 8, 'Legend Color', '', 'color_id'),
(20, '8cb8ed3378abec21a1819ea52dfee6a3', 9, '1 Minute Data Source', '', 'task_item_id'),
(21, '5dfcaf9fd771deb8c5430bce1562e371', 9, '5 Minute Data Source', '', 'task_item_id'),
(22, '6f3cc610315ee58bc8e0b1f272466324', 9, '15 Minute Data Source', '', 'task_item_id'),
(23, 'b457a982bf46c6760e6ef5f5d06d41fb', 10, 'Logged in Users Data Source', '', 'task_item_id'),
(24, 'bd4a57adf93c884815b25a8036b67f98', 10, 'Legend Color', '', 'color_id'),
(25, 'd7cdb63500c576e0f9f354de42c6cf3a', 11, '1 Minute Data Source', '', 'task_item_id'),
(26, 'a23152f5ec02e7762ca27608c0d89f6c', 11, '5 Minute Data Source', '', 'task_item_id'),
(27, '2cc5d1818da577fba15115aa18f64d85', 11, '15 Minute Data Source', '', 'task_item_id'),
(30, '6273c71cdb7ed4ac525cdbcf6180918c', 12, 'Free Data Source', '', 'task_item_id'),
(31, '5e62dbea1db699f1bda04c5863e7864d', 12, 'Swap Data Source', '', 'task_item_id'),
(32, '4d52e112a836d4c9d451f56602682606', 4, 'System CPU Data Source', '', 'task_item_id'),
(33, 'f0310b066cc919d2f898b8d1ebf3b518', 4, 'User CPU Data Source', '', 'task_item_id'),
(34, 'd9eb6b9eb3d7dd44fd14fdefb4096b54', 4, 'Nice CPU Data Source', '', 'task_item_id'),
(35, 'f45def7cad112b450667aa67262258cb', 13, 'Memory Free Data Source', '', 'task_item_id'),
(36, 'f8c361a8c8b7ad80e8be03ba7ea5d0d6', 13, 'Memory Buffers Data Source', '', 'task_item_id'),
(37, '03d11dce695963be30bd744bd6cbac69', 14, 'Cache Hits Data Source', '', 'task_item_id'),
(38, '9cbc515234779af4bf6cdf71a81c556a', 14, 'Cache Checks Data Source', '', 'task_item_id'),
(39, '2c4d561ee8132a8dda6de1104336a6ec', 15, 'CPU Utilization Data Source', '', 'task_item_id'),
(40, '6e1cf7addc0cc419aa903552e3eedbea', 16, 'File System Reads Data Source', '', 'task_item_id'),
(41, '7ea2aa0656f7064d25a36135dd0e9082', 16, 'File System Writes Data Source', '', 'task_item_id'),
(42, '63480bca78a38435f24a5b5d5ed050d7', 17, 'Current Logins Data Source', '', 'task_item_id'),
(44, '31fed1f9e139d4897d0460b10fb7be94', 15, 'Legend Color', '', 'color_id'),
(45, 'bb9d83a02261583bc1f92d9e66ea705d', 18, 'CPU Usage Data Source', '', 'task_item_id'),
(46, '51196222ed37b44236d9958116028980', 18, 'Legend Color', '', 'color_id'),
(47, 'fd26b0f437b75715d6dff983e7efa710', 19, 'Free Space Data Source', '', 'task_item_id'),
(48, 'a463dd46862605c90ea60ccad74188db', 19, 'Total Space Data Source', '', 'task_item_id'),
(49, '9977dd7a41bcf0f0c02872b442c7492e', 19, 'Freeable Space Data Source', '', 'task_item_id'),
(51, 'a7a69bbdf6890d6e6eaa7de16e815ec6', 20, 'Used Directory Entries Data Source', '', 'task_item_id'),
(52, '0072b613a33f1fae5ce3e5903dec8fdb', 20, 'Available Directory Entries Data Source', '', 'task_item_id'),
(53, '940beb0f0344e37f4c6cdfc17d2060bc', 21, 'Available Disk Space Data Source', '', 'task_item_id'),
(54, '7b0674dd447a9badf0d11bec688028a8', 21, 'Used Disk Space Data Source', '', 'task_item_id'),
(55, 'fa83cd3a3b4271b644cb6459ea8c35dc', 22, 'Discards In Data Source', '', 'task_item_id'),
(56, '7946e8ee1e38a65462b85e31a15e35e5', 22, 'Errors In Data Source', '', 'task_item_id'),
(57, '00ae916640272f5aca54d73ae34c326b', 23, 'Unicast Packets Out Data Source', '', 'task_item_id'),
(58, '1bc1652f82488ebfb7242c65d2ffa9c7', 23, 'Unicast Packets In Data Source', '', 'task_item_id'),
(59, 'e3177d0e56278de320db203f32fb803d', 24, 'Non-Unicast Packets In Data Source', '', 'task_item_id'),
(60, '4f20fba2839764707f1c3373648c5fef', 24, 'Non-Unicast Packets Out Data Source', '', 'task_item_id'),
(61, 'e5acdd5368137c408d56ecf55b0e077c', 22, 'Discards Out Data Source', '', 'task_item_id'),
(62, 'a028e586e5fae667127c655fe0ac67f0', 22, 'Errors Out Data Source', '', 'task_item_id'),
(63, '2764a4f142ba9fd95872106a1b43541e', 25, 'Inbound Data Source', '', 'task_item_id'),
(64, 'f73f7ddc1f4349356908122093dbfca2', 25, 'Outbound Data Source', '', 'task_item_id'),
(65, '86bd8819d830a81d64267761e1fd8ec4', 26, 'Total Disk Space Data Source', '', 'task_item_id'),
(66, '6c8967850102202de166951e4411d426', 26, 'Used Disk Space Data Source', '', 'task_item_id'),
(67, 'bdad718851a52b82eca0a310b0238450', 27, 'CPU Utilization Data Source', '', 'task_item_id'),
(68, 'e7b578e12eb8a82627557b955fd6ebd4', 27, 'Legend Color', '', 'color_id'),
(69, '37d09fb7ce88ecec914728bdb20027f3', 28, 'Logged in Users Data Source', '', 'task_item_id'),
(70, '699bd7eff7ba0c3520db3692103a053d', 28, 'Legend Color', '', 'color_id'),
(71, 'df905e159d13a5abed8a8a7710468831', 29, 'Processes Data Source', '', 'task_item_id'),
(72, '8ca9e3c65c080dbf74a59338d64b0c14', 29, 'Legend Color', '', 'color_id'),
(73, '69ad68fc53af03565aef501ed5f04744', 30, 'Open Files Data Source', '', 'task_item_id'),
(74, '562726cccdb67d5c6941e9e826ef4ef5', 31, 'Inbound Data Source', '', 'task_item_id'),
(75, '82426afec226f8189c8928e7f083f80f', 31, 'Outbound Data Source', '', 'task_item_id'),
(76, '69a23877302e7d142f254b208c58b596', 32, 'Inbound Data Source', '', 'task_item_id'),
(77, 'f28013abf8e5813870df0f4111a5e695', 32, 'Outbound Data Source', '', 'task_item_id'),
(78, '8644b933b6a09dde6c32ff24655eeb9a', 33, 'Outbound Data Source', '', 'task_item_id'),
(79, '49c4b4800f3e638a6f6bb681919aea80', 33, 'Inbound Data Source', '', 'task_item_id'),
(80, 'e0b395be8db4f7b938d16df7ae70065f', 13, 'Cache Memory Data Source', '', 'task_item_id'),
(81, '2dca37011521501b9c2b705d080db750', 34, 'Data Source [snmp_oid]', NULL, 'task_item_id'),
(82, 'b8d8ade5f5f3dd7b12f8cc56bbb4083e', 34, 'Legend Color', '', 'color_id'),
(83, 'ac2355b4895c37e14df827f969f31c12', 34, 'Legend Text', '', 'text_format');

-- --------------------------------------------------------

--
-- 表的结构 `graph_template_input_defs`
--

CREATE TABLE `graph_template_input_defs` (
  `graph_template_input_id` mediumint(8) UNSIGNED NOT NULL DEFAULT 0,
  `graph_template_item_id` int(12) UNSIGNED NOT NULL DEFAULT 0
) ENGINE=MyISAM DEFAULT CHARSET=latin1 COMMENT='Stores the relationship for what graph iitems are associated';

--
-- 转存表中的数据 `graph_template_input_defs`
--

INSERT INTO `graph_template_input_defs` (`graph_template_input_id`, `graph_template_item_id`) VALUES
(3, 9),
(3, 10),
(3, 11),
(3, 12),
(4, 13),
(4, 14),
(4, 15),
(4, 16),
(5, 21),
(5, 22),
(5, 23),
(5, 24),
(6, 17),
(6, 18),
(6, 19),
(6, 20),
(7, 45),
(7, 46),
(7, 47),
(7, 48),
(8, 49),
(8, 50),
(8, 51),
(8, 52),
(9, 45),
(10, 49),
(11, 53),
(11, 54),
(11, 55),
(11, 56),
(12, 57),
(12, 58),
(12, 59),
(12, 60),
(13, 53),
(14, 57),
(15, 61),
(15, 62),
(15, 63),
(15, 64),
(16, 61),
(17, 61),
(18, 65),
(18, 66),
(18, 67),
(18, 68),
(19, 65),
(20, 69),
(20, 70),
(21, 71),
(21, 72),
(22, 73),
(22, 74),
(23, 76),
(23, 77),
(23, 78),
(23, 79),
(24, 76),
(25, 80),
(25, 81),
(26, 82),
(26, 83),
(27, 84),
(27, 85),
(30, 95),
(30, 96),
(30, 97),
(30, 98),
(31, 99),
(31, 100),
(31, 101),
(31, 102),
(32, 29),
(32, 30),
(32, 31),
(32, 32),
(33, 33),
(33, 34),
(33, 35),
(33, 36),
(34, 37),
(34, 38),
(34, 39),
(34, 40),
(35, 103),
(35, 104),
(35, 105),
(35, 106),
(36, 107),
(36, 108),
(36, 109),
(36, 110),
(37, 111),
(37, 112),
(37, 113),
(37, 114),
(38, 115),
(38, 116),
(38, 117),
(38, 118),
(39, 119),
(39, 120),
(39, 121),
(39, 122),
(40, 123),
(40, 124),
(40, 125),
(40, 126),
(41, 127),
(41, 128),
(41, 129),
(41, 130),
(42, 131),
(42, 132),
(42, 133),
(42, 134),
(44, 119),
(45, 139),
(45, 140),
(45, 141),
(45, 142),
(46, 139),
(47, 143),
(47, 144),
(47, 145),
(47, 146),
(48, 147),
(48, 148),
(48, 149),
(48, 150),
(49, 151),
(49, 152),
(49, 153),
(49, 154),
(51, 159),
(51, 160),
(51, 161),
(51, 162),
(52, 163),
(52, 164),
(52, 165),
(52, 166),
(53, 172),
(53, 173),
(53, 174),
(53, 175),
(54, 167),
(54, 169),
(54, 170),
(54, 171),
(55, 180),
(55, 181),
(55, 182),
(55, 183),
(56, 184),
(56, 185),
(56, 186),
(56, 187),
(57, 188),
(57, 189),
(57, 190),
(57, 191),
(58, 192),
(58, 193),
(58, 194),
(58, 195),
(59, 196),
(59, 197),
(59, 198),
(59, 199),
(60, 200),
(60, 201),
(60, 202),
(60, 203),
(61, 204),
(61, 205),
(61, 206),
(61, 207),
(62, 208),
(62, 209),
(62, 210),
(62, 211),
(63, 212),
(63, 213),
(63, 214),
(63, 215),
(64, 216),
(64, 217),
(64, 218),
(64, 219),
(65, 307),
(65, 308),
(65, 309),
(65, 310),
(66, 303),
(66, 304),
(66, 305),
(66, 306),
(67, 315),
(67, 316),
(67, 317),
(67, 318),
(68, 315),
(69, 319),
(69, 320),
(69, 321),
(69, 322),
(70, 319),
(71, 323),
(71, 324),
(71, 325),
(71, 326),
(72, 323),
(73, 358),
(73, 359),
(73, 360),
(73, 361),
(74, 362),
(74, 363),
(74, 364),
(74, 365),
(75, 366),
(75, 367),
(75, 368),
(75, 369),
(75, 371),
(75, 372),
(76, 373),
(76, 374),
(76, 375),
(76, 376),
(76, 383),
(77, 377),
(77, 378),
(77, 379),
(77, 380),
(77, 384),
(78, 385),
(78, 386),
(78, 387),
(78, 388),
(78, 393),
(79, 389),
(79, 390),
(79, 391),
(79, 392),
(79, 394),
(80, 403),
(80, 404),
(80, 405),
(80, 406),
(81, 407),
(81, 408),
(81, 409),
(81, 410),
(82, 407),
(83, 407);

-- --------------------------------------------------------

--
-- 表的结构 `graph_tree`
--

CREATE TABLE `graph_tree` (
  `id` smallint(5) UNSIGNED NOT NULL,
  `sort_type` tinyint(3) UNSIGNED NOT NULL DEFAULT 1,
  `name` varchar(255) NOT NULL DEFAULT ''
) ENGINE=MyISAM DEFAULT CHARSET=latin1;

-- --------------------------------------------------------

--
-- 表的结构 `graph_tree_items`
--

CREATE TABLE `graph_tree_items` (
  `id` mediumint(8) UNSIGNED NOT NULL,
  `graph_tree_id` smallint(5) UNSIGNED NOT NULL DEFAULT 0,
  `local_graph_id` mediumint(8) UNSIGNED NOT NULL DEFAULT 0,
  `rra_id` smallint(8) UNSIGNED NOT NULL DEFAULT 0,
  `title` varchar(255) DEFAULT NULL,
  `host_id` mediumint(8) UNSIGNED NOT NULL DEFAULT 0,
  `order_key` varchar(100) NOT NULL DEFAULT '0',
  `host_grouping_type` tinyint(3) UNSIGNED NOT NULL DEFAULT 1,
  `sort_children_type` tinyint(3) UNSIGNED NOT NULL DEFAULT 1
) ENGINE=MyISAM DEFAULT CHARSET=latin1;

-- --------------------------------------------------------

--
-- 表的结构 `host`
--

CREATE TABLE `host` (
  `id` mediumint(8) UNSIGNED NOT NULL,
  `host_template_id` mediumint(8) UNSIGNED NOT NULL DEFAULT 0,
  `description` varchar(150) NOT NULL DEFAULT '',
  `hostname` varchar(250) DEFAULT NULL,
  `notes` text DEFAULT NULL,
  `snmp_community` varchar(100) DEFAULT NULL,
  `snmp_version` tinyint(1) UNSIGNED NOT NULL DEFAULT 1,
  `snmp_username` varchar(50) DEFAULT NULL,
  `snmp_password` varchar(50) DEFAULT NULL,
  `snmp_auth_protocol` char(5) DEFAULT '',
  `snmp_priv_passphrase` varchar(200) DEFAULT '',
  `snmp_priv_protocol` char(6) DEFAULT '',
  `snmp_context` varchar(64) DEFAULT '',
  `snmp_port` mediumint(5) UNSIGNED NOT NULL DEFAULT 161,
  `snmp_timeout` mediumint(8) UNSIGNED NOT NULL DEFAULT 500,
  `availability_method` smallint(5) UNSIGNED NOT NULL DEFAULT 1,
  `ping_method` smallint(5) UNSIGNED DEFAULT 0,
  `ping_port` int(12) UNSIGNED DEFAULT 0,
  `ping_timeout` int(12) UNSIGNED DEFAULT 500,
  `ping_retries` int(12) UNSIGNED DEFAULT 2,
  `max_oids` int(12) UNSIGNED DEFAULT 10,
  `device_threads` tinyint(2) UNSIGNED NOT NULL DEFAULT 1,
  `disabled` char(2) DEFAULT NULL,
  `monitor` char(3) NOT NULL DEFAULT 'on',
  `monitor_text` text NOT NULL,
  `thold_send_email` int(10) NOT NULL DEFAULT 1,
  `thold_host_email` int(10) NOT NULL,
  `status` tinyint(2) NOT NULL DEFAULT 0,
  `status_event_count` mediumint(8) UNSIGNED NOT NULL DEFAULT 0,
  `status_fail_date` datetime NOT NULL DEFAULT '0000-00-00 00:00:00',
  `status_rec_date` datetime NOT NULL DEFAULT '0000-00-00 00:00:00',
  `status_last_error` varchar(255) DEFAULT '',
  `min_time` decimal(10,5) DEFAULT 9.99999,
  `max_time` decimal(10,5) DEFAULT 0.00000,
  `cur_time` decimal(10,5) DEFAULT 0.00000,
  `avg_time` decimal(10,5) DEFAULT 0.00000,
  `total_polls` int(12) UNSIGNED DEFAULT 0,
  `failed_polls` int(12) UNSIGNED DEFAULT 0,
  `availability` decimal(8,5) NOT NULL DEFAULT 100.00000
) ENGINE=MyISAM DEFAULT CHARSET=latin1;

--
-- 转存表中的数据 `host`
--

INSERT INTO `host` (`id`, `host_template_id`, `description`, `hostname`, `notes`, `snmp_community`, `snmp_version`, `snmp_username`, `snmp_password`, `snmp_auth_protocol`, `snmp_priv_passphrase`, `snmp_priv_protocol`, `snmp_context`, `snmp_port`, `snmp_timeout`, `availability_method`, `ping_method`, `ping_port`, `ping_timeout`, `ping_retries`, `max_oids`, `device_threads`, `disabled`, `monitor`, `monitor_text`, `thold_send_email`, `thold_host_email`, `status`, `status_event_count`, `status_fail_date`, `status_rec_date`, `status_last_error`, `min_time`, `max_time`, `cur_time`, `avg_time`, `total_polls`, `failed_polls`, `availability`) VALUES
(71, 8, 'LocalHost', '127.0.0.1', '', 'public', 1, '', '', '', '', '', '', 161, 500, 2, 2, 23, 60, 1, 10, 1, '', 'on', '', 1, 0, 3, 0, '0000-00-00 00:00:00', '0000-00-00 00:00:00', '', '1.32000', '1.82000', '1.32000', '1.56556', 9, 0, '100.00000');

-- --------------------------------------------------------

--
-- 表的结构 `host_graph`
--

CREATE TABLE `host_graph` (
  `host_id` mediumint(8) UNSIGNED NOT NULL DEFAULT 0,
  `graph_template_id` mediumint(8) UNSIGNED NOT NULL DEFAULT 0
) ENGINE=MyISAM DEFAULT CHARSET=latin1;

--
-- 转存表中的数据 `host_graph`
--

INSERT INTO `host_graph` (`host_id`, `graph_template_id`) VALUES
(0, 18),
(71, 8),
(71, 9),
(71, 10),
(71, 12);

-- --------------------------------------------------------

--
-- 表的结构 `host_snmp_cache`
--

CREATE TABLE `host_snmp_cache` (
  `host_id` mediumint(8) UNSIGNED NOT NULL DEFAULT 0,
  `snmp_query_id` mediumint(8) UNSIGNED NOT NULL DEFAULT 0,
  `field_name` varchar(50) NOT NULL DEFAULT '',
  `field_value` varchar(255) DEFAULT NULL,
  `snmp_index` varchar(255) NOT NULL DEFAULT '',
  `oid` text NOT NULL,
  `present` tinyint(4) NOT NULL DEFAULT 1
) ENGINE=MyISAM DEFAULT CHARSET=latin1;

--
-- 转存表中的数据 `host_snmp_cache`
--

INSERT INTO `host_snmp_cache` (`host_id`, `snmp_query_id`, `field_name`, `field_value`, `snmp_index`, `oid`, `present`) VALUES
(71, 6, 'dskMount', '/boot', '/dev/sda1', '', 1),
(71, 6, 'dskMount', '/', '/dev/mapper/cl-root', '', 1),
(71, 6, 'dskDevice', '/dev/sda1', '/dev/sda1', '', 1),
(71, 6, 'dskDevice', '/dev/mapper/cl-root', '/dev/mapper/cl-root', '', 1);

-- --------------------------------------------------------

--
-- 表的结构 `host_snmp_query`
--

CREATE TABLE `host_snmp_query` (
  `host_id` mediumint(8) UNSIGNED NOT NULL DEFAULT 0,
  `snmp_query_id` mediumint(8) UNSIGNED NOT NULL DEFAULT 0,
  `sort_field` varchar(50) NOT NULL DEFAULT '',
  `title_format` varchar(50) NOT NULL DEFAULT '',
  `reindex_method` tinyint(3) UNSIGNED NOT NULL DEFAULT 0
) ENGINE=MyISAM DEFAULT CHARSET=latin1;

--
-- 转存表中的数据 `host_snmp_query`
--

INSERT INTO `host_snmp_query` (`host_id`, `snmp_query_id`, `sort_field`, `title_format`, `reindex_method`) VALUES
(0, 1, '', '|query_|', 1),
(71, 6, 'dskDevice', '|query_dskDevice|', 1);

-- --------------------------------------------------------

--
-- 表的结构 `host_template`
--

CREATE TABLE `host_template` (
  `id` mediumint(8) UNSIGNED NOT NULL,
  `hash` varchar(32) NOT NULL DEFAULT '',
  `name` varchar(100) NOT NULL DEFAULT ''
) ENGINE=MyISAM DEFAULT CHARSET=latin1;

--
-- 转存表中的数据 `host_template`
--

INSERT INTO `host_template` (`id`, `hash`, `name`) VALUES
(1, '4855b0e3e553085ed57219690285f91f', 'Generic SNMP-enabled Host'),
(3, '07d3fe6a52915f99e642d22e27d967a4', 'ucd/net SNMP Host'),
(4, '4e5dc8dd115264c2e9f3adb725c29413', 'Cisco Wireless Bridge'),
(5, 'cae6a879f86edacb2471055783bec6d0', 'Cisco Router'),
(6, '9ef418b4251751e09c3c416704b01b01', 'Netware 4/5 Server'),
(7, '5b8300be607dce4f030b026a381b91cd', 'Windows Server'),
(8, '2d3e47f416738c2d22c87c40218cc55e', 'Local Linux Machine'),
(9, '898dfba6f1cb60b03357216fbe0e236b', 'Switch');

-- --------------------------------------------------------

--
-- 表的结构 `host_template_graph`
--

CREATE TABLE `host_template_graph` (
  `host_template_id` mediumint(8) UNSIGNED NOT NULL DEFAULT 0,
  `graph_template_id` mediumint(8) UNSIGNED NOT NULL DEFAULT 0
) ENGINE=MyISAM DEFAULT CHARSET=latin1;

--
-- 转存表中的数据 `host_template_graph`
--

INSERT INTO `host_template_graph` (`host_template_id`, `graph_template_id`) VALUES
(3, 4),
(3, 11),
(3, 13),
(4, 7),
(4, 25),
(5, 18),
(6, 14),
(6, 16),
(6, 17),
(6, 30),
(7, 3),
(7, 4),
(7, 7),
(7, 13),
(7, 25),
(7, 29),
(8, 8),
(8, 9),
(8, 10),
(8, 12);

-- --------------------------------------------------------

--
-- 表的结构 `host_template_snmp_query`
--

CREATE TABLE `host_template_snmp_query` (
  `host_template_id` mediumint(8) UNSIGNED NOT NULL DEFAULT 0,
  `snmp_query_id` mediumint(8) UNSIGNED NOT NULL DEFAULT 0
) ENGINE=MyISAM DEFAULT CHARSET=latin1;

--
-- 转存表中的数据 `host_template_snmp_query`
--

INSERT INTO `host_template_snmp_query` (`host_template_id`, `snmp_query_id`) VALUES
(1, 1),
(3, 1),
(3, 2),
(4, 1),
(4, 3),
(5, 1),
(6, 1),
(6, 4),
(6, 7),
(7, 1),
(7, 8),
(7, 9),
(8, 6),
(9, 1),
(9, 9);

-- --------------------------------------------------------

--
-- 表的结构 `plugin_config`
--

CREATE TABLE `plugin_config` (
  `id` int(8) NOT NULL,
  `directory` varchar(32) NOT NULL DEFAULT '',
  `name` varchar(64) NOT NULL DEFAULT '',
  `status` tinyint(2) NOT NULL DEFAULT 0,
  `author` varchar(64) NOT NULL DEFAULT '',
  `webpage` varchar(255) NOT NULL DEFAULT '',
  `version` varchar(8) NOT NULL DEFAULT ''
) ENGINE=MyISAM DEFAULT CHARSET=latin1;

--
-- 转存表中的数据 `plugin_config`
--

INSERT INTO `plugin_config` (`id`, `directory`, `name`, `status`, `author`, `webpage`, `version`) VALUES
(3, 'settings', 'Global Plugin Settings', 1, 'Jimmy Conner', 'http://cactiusers.org', '0.7'),
(4, 'thold', 'Thresholds', 1, 'Jimmy Conner', 'http://docs.cacti.net/plugin:thold', '0.5'),
(5, 'monitor', 'Device Monitoring', 1, 'Jimmy Conner', 'http://cactiusers.org', '1.2'),
(6, 'weathermap', 'PHP Network Weathermap', 1, 'Howard Jones', 'http://www.network-weathermap.com/', '0.98');

-- --------------------------------------------------------

--
-- 表的结构 `plugin_db_changes`
--

CREATE TABLE `plugin_db_changes` (
  `id` int(10) NOT NULL,
  `plugin` varchar(16) NOT NULL DEFAULT '',
  `table` varchar(64) NOT NULL DEFAULT '',
  `column` varchar(64) NOT NULL,
  `method` varchar(16) NOT NULL DEFAULT ''
) ENGINE=MyISAM DEFAULT CHARSET=latin1;

--
-- 转存表中的数据 `plugin_db_changes`
--

INSERT INTO `plugin_db_changes` (`id`, `plugin`, `table`, `column`, `method`) VALUES
(1, 'thold', 'thold_data', '', 'create'),
(2, 'thold', 'thold_template', '', 'create'),
(3, 'thold', 'plugin_thold_contacts', '', 'create'),
(4, 'thold', 'plugin_thold_template_contact', '', 'create'),
(5, 'thold', 'plugin_thold_threshold_contact', '', 'create'),
(6, 'thold', 'plugin_thold_log', '', 'create'),
(7, 'thold', 'plugin_notification_lists', '', 'create'),
(8, 'thold', 'host', 'thold_send_email', 'addcolumn'),
(9, 'thold', 'host', 'thold_host_email', 'addcolumn'),
(10, 'thold', 'plugin_thold_host_failed', '', 'create'),
(11, 'monitor', 'host', 'monitor', 'addcolumn'),
(12, 'monitor', 'host', 'monitor_text', 'addcolumn');

-- --------------------------------------------------------

--
-- 表的结构 `plugin_hooks`
--

CREATE TABLE `plugin_hooks` (
  `id` int(8) NOT NULL,
  `name` varchar(32) NOT NULL DEFAULT '',
  `hook` varchar(64) NOT NULL DEFAULT '',
  `file` varchar(255) NOT NULL DEFAULT '',
  `function` varchar(128) NOT NULL DEFAULT '',
  `status` int(8) NOT NULL DEFAULT 0
) ENGINE=MyISAM DEFAULT CHARSET=latin1;

--
-- 转存表中的数据 `plugin_hooks`
--

INSERT INTO `plugin_hooks` (`id`, `name`, `hook`, `file`, `function`, `status`) VALUES
(1, 'internal', 'config_arrays', '', 'plugin_config_arrays', 1),
(2, 'internal', 'draw_navigation_text', '', 'plugin_draw_navigation_text', 1),
(5, 'settings', 'config_settings', 'setup.php', 'settings_config_settings', 1),
(6, 'thold', 'top_header_tabs', 'includes/tab.php', 'thold_show_tab', 1),
(7, 'thold', 'top_graph_header_tabs', 'includes/tab.php', 'thold_show_tab', 1),
(8, 'thold', 'config_insert', 'includes/settings.php', 'thold_config_insert', 1),
(9, 'thold', 'config_arrays', 'includes/settings.php', 'thold_config_arrays', 1),
(10, 'thold', 'config_form', 'includes/settings.php', 'thold_config_form', 1),
(11, 'thold', 'config_settings', 'includes/settings.php', 'thold_config_settings', 1),
(12, 'thold', 'draw_navigation_text', 'includes/settings.php', 'thold_draw_navigation_text', 1),
(13, 'thold', 'data_sources_table', 'setup.php', 'thold_data_sources_table', 1),
(14, 'thold', 'graphs_new_top_links', 'setup.php', 'thold_graphs_new', 1),
(15, 'thold', 'api_device_save', 'setup.php', 'thold_api_device_save', 1),
(16, 'thold', 'update_host_status', 'includes/polling.php', 'thold_update_host_status', 1),
(17, 'thold', 'poller_output', 'includes/polling.php', 'thold_poller_output', 1),
(18, 'thold', 'device_action_array', 'setup.php', 'thold_device_action_array', 1),
(19, 'thold', 'device_action_execute', 'setup.php', 'thold_device_action_execute', 1),
(20, 'thold', 'device_action_prepare', 'setup.php', 'thold_device_action_prepare', 1),
(21, 'thold', 'host_edit_bottom', 'setup.php', 'thold_host_edit_bottom', 1),
(22, 'thold', 'user_admin_setup_sql_save', 'setup.php', 'thold_user_admin_setup_sql_save', 1),
(23, 'thold', 'poller_bottom', 'includes/polling.php', 'thold_poller_bottom', 1),
(24, 'thold', 'user_admin_edit', 'setup.php', 'thold_user_admin_edit', 1),
(25, 'thold', 'rrd_graph_graph_options', 'setup.php', 'thold_rrd_graph_graph_options', 1),
(26, 'thold', 'graph_buttons', 'setup.php', 'thold_graph_button', 1),
(27, 'thold', 'data_source_action_array', 'setup.php', 'thold_data_source_action_array', 1),
(28, 'thold', 'data_source_action_prepare', 'setup.php', 'thold_data_source_action_prepare', 1),
(29, 'thold', 'data_source_action_execute', 'setup.php', 'thold_data_source_action_execute', 1),
(30, 'thold', 'graphs_action_array', 'setup.php', 'thold_graphs_action_array', 1),
(31, 'thold', 'graphs_action_prepare', 'setup.php', 'thold_graphs_action_prepare', 1),
(32, 'thold', 'graphs_action_execute', 'setup.php', 'thold_graphs_action_execute', 1),
(33, 'monitor', 'top_header_tabs', 'setup.php', 'monitor_show_tab', 1),
(34, 'monitor', 'top_graph_header_tabs', 'setup.php', 'monitor_show_tab', 1),
(35, 'monitor', 'draw_navigation_text', 'setup.php', 'monitor_draw_navigation_text', 1),
(36, 'monitor', 'config_form', 'setup.php', 'monitor_config_form', 1),
(37, 'monitor', 'api_device_save', 'setup.php', 'monitor_api_device_save', 1),
(38, 'monitor', 'top_graph_refresh', 'setup.php', 'monitor_top_graph_refresh', 1),
(39, 'monitor', 'config_settings', 'setup.php', 'monitor_config_settings', 1),
(40, 'monitor', 'device_action_array', 'setup.php', 'monitor_device_action_array', 1),
(41, 'monitor', 'device_action_execute', 'setup.php', 'monitor_device_action_execute', 1),
(42, 'monitor', 'device_action_prepare', 'setup.php', 'monitor_device_action_prepare', 1),
(43, 'weathermap', 'config_arrays', 'setup.php', 'weathermap_config_arrays', 1),
(44, 'weathermap', 'config_settings', 'setup.php', 'weathermap_config_settings', 1),
(45, 'weathermap', 'top_header_tabs', 'setup.php', 'weathermap_show_tab', 1),
(46, 'weathermap', 'top_graph_header_tabs', 'setup.php', 'weathermap_show_tab', 1),
(47, 'weathermap', 'draw_navigation_text', 'setup.php', 'weathermap_draw_navigation_text', 1),
(48, 'weathermap', 'top_graph_refresh', 'setup.php', 'weathermap_top_graph_refresh', 1),
(49, 'weathermap', 'page_title', 'setup.php', 'weathermap_page_title', 1),
(50, 'weathermap', 'page_head', 'setup.php', 'weathermap_page_head', 1),
(51, 'weathermap', 'poller_top', 'setup.php', 'weathermap_poller_top', 1),
(52, 'weathermap', 'poller_output', 'setup.php', 'weathermap_poller_output', 1),
(53, 'weathermap', 'poller_bottom', 'setup.php', 'weathermap_poller_bottom', 1);

-- --------------------------------------------------------

--
-- 表的结构 `plugin_notification_lists`
--

CREATE TABLE `plugin_notification_lists` (
  `id` int(12) NOT NULL,
  `name` varchar(128) NOT NULL,
  `description` varchar(512) NOT NULL,
  `emails` varchar(512) NOT NULL
) ENGINE=MyISAM DEFAULT CHARSET=latin1 COMMENT='Table of Notification Lists';

-- --------------------------------------------------------

--
-- 表的结构 `plugin_realms`
--

CREATE TABLE `plugin_realms` (
  `id` int(8) NOT NULL,
  `plugin` varchar(32) NOT NULL DEFAULT '',
  `file` text NOT NULL,
  `display` varchar(64) NOT NULL DEFAULT ''
) ENGINE=MyISAM DEFAULT CHARSET=latin1;

--
-- 转存表中的数据 `plugin_realms`
--

INSERT INTO `plugin_realms` (`id`, `plugin`, `file`, `display`) VALUES
(1, 'internal', 'plugins.php', 'Plugin Management'),
(4, 'settings', 'email-test.php', 'Send Test Email'),
(5, 'thold', 'thold_add.php,thold.php,listthold.php', 'Plugin -> Configure Thresholds'),
(6, 'thold', 'thold_templates.php', 'Plugin -> Configure Threshold Templates'),
(7, 'thold', 'notify_lists.php', 'Plugin -> Manage Notification Lists'),
(8, 'thold', 'thold_graph.php,graph_thold.php,thold_view_failures.php,thold_view_normal.php,thold_view_recover.php,thold_view_recent.php,thold_view_host.php', 'Plugin -> View Thresholds'),
(9, 'monitor', 'monitor.php', 'View Monitoring'),
(10, 'weathermap', 'weathermap-cacti-plugin.php', 'Plugin -> Weathermap: View'),
(11, 'weathermap', 'weathermap-cacti-plugin-mgmt.php', 'Plugin -> Weathermap: Configure/Manage'),
(12, 'weathermap', 'weathermap-cacti-plugin-editor.php', 'Plugin -> Weathermap: Edit Maps');

-- --------------------------------------------------------

--
-- 表的结构 `plugin_thold_contacts`
--

CREATE TABLE `plugin_thold_contacts` (
  `id` int(12) NOT NULL,
  `user_id` int(12) NOT NULL,
  `type` varchar(32) NOT NULL,
  `data` text NOT NULL
) ENGINE=MyISAM DEFAULT CHARSET=latin1 COMMENT='Table of threshold contacts';

--
-- 转存表中的数据 `plugin_thold_contacts`
--

INSERT INTO `plugin_thold_contacts` (`id`, `user_id`, `type`, `data`) VALUES
(1, 1, 'email', ''),
(2, 3, 'email', ''),
(3, 4, 'email', '');

-- --------------------------------------------------------

--
-- 表的结构 `plugin_thold_host_failed`
--

CREATE TABLE `plugin_thold_host_failed` (
  `id` int(12) UNSIGNED NOT NULL,
  `host_id` int(12) UNSIGNED NOT NULL
) ENGINE=MyISAM DEFAULT CHARSET=latin1 COMMENT='Table of Hosts in a Down State';

-- --------------------------------------------------------

--
-- 表的结构 `plugin_thold_log`
--

CREATE TABLE `plugin_thold_log` (
  `id` int(12) NOT NULL,
  `time` int(24) NOT NULL,
  `host_id` int(10) NOT NULL,
  `graph_id` int(10) NOT NULL,
  `threshold_id` int(10) NOT NULL,
  `threshold_value` varchar(64) NOT NULL,
  `current` varchar(64) NOT NULL,
  `status` int(5) NOT NULL,
  `type` int(5) NOT NULL,
  `description` varchar(255) NOT NULL
) ENGINE=MyISAM DEFAULT CHARSET=latin1 COMMENT='Table of All Threshold Breaches';

-- --------------------------------------------------------

--
-- 表的结构 `plugin_thold_template_contact`
--

CREATE TABLE `plugin_thold_template_contact` (
  `template_id` int(12) NOT NULL,
  `contact_id` int(12) NOT NULL
) ENGINE=MyISAM DEFAULT CHARSET=latin1 COMMENT='Table of Tholds Template Contacts';

-- --------------------------------------------------------

--
-- 表的结构 `plugin_thold_threshold_contact`
--

CREATE TABLE `plugin_thold_threshold_contact` (
  `thold_id` int(12) NOT NULL,
  `contact_id` int(12) NOT NULL
) ENGINE=MyISAM DEFAULT CHARSET=latin1 COMMENT='Table of Tholds Threshold Contacts';

-- --------------------------------------------------------

--
-- 表的结构 `poller`
--

CREATE TABLE `poller` (
  `id` smallint(5) UNSIGNED NOT NULL,
  `hostname` varchar(250) NOT NULL DEFAULT '',
  `ip_address` int(11) UNSIGNED NOT NULL DEFAULT 0,
  `last_update` datetime NOT NULL DEFAULT '0000-00-00 00:00:00'
) ENGINE=MyISAM DEFAULT CHARSET=latin1;

-- --------------------------------------------------------

--
-- 表的结构 `poller_command`
--

CREATE TABLE `poller_command` (
  `poller_id` smallint(5) UNSIGNED NOT NULL DEFAULT 0,
  `time` datetime NOT NULL DEFAULT '0000-00-00 00:00:00',
  `action` tinyint(3) UNSIGNED NOT NULL DEFAULT 0,
  `command` varchar(200) NOT NULL DEFAULT ''
) ENGINE=MyISAM DEFAULT CHARSET=latin1;

-- --------------------------------------------------------

--
-- 表的结构 `poller_item`
--

CREATE TABLE `poller_item` (
  `local_data_id` mediumint(8) UNSIGNED NOT NULL DEFAULT 0,
  `poller_id` smallint(5) UNSIGNED NOT NULL DEFAULT 0,
  `host_id` mediumint(8) UNSIGNED NOT NULL DEFAULT 0,
  `action` tinyint(2) UNSIGNED NOT NULL DEFAULT 1,
  `present` tinyint(4) NOT NULL DEFAULT 1,
  `hostname` varchar(250) NOT NULL DEFAULT '',
  `snmp_community` varchar(100) NOT NULL DEFAULT '',
  `snmp_version` tinyint(1) UNSIGNED NOT NULL DEFAULT 0,
  `snmp_username` varchar(50) NOT NULL DEFAULT '',
  `snmp_password` varchar(50) NOT NULL DEFAULT '',
  `snmp_auth_protocol` varchar(5) NOT NULL DEFAULT '',
  `snmp_priv_passphrase` varchar(200) NOT NULL DEFAULT '',
  `snmp_priv_protocol` varchar(6) NOT NULL DEFAULT '',
  `snmp_context` varchar(64) DEFAULT '',
  `snmp_port` mediumint(5) UNSIGNED NOT NULL DEFAULT 161,
  `snmp_timeout` mediumint(8) UNSIGNED NOT NULL DEFAULT 0,
  `rrd_name` varchar(19) NOT NULL DEFAULT '',
  `rrd_path` varchar(255) NOT NULL DEFAULT '',
  `rrd_num` tinyint(2) UNSIGNED NOT NULL DEFAULT 0,
  `rrd_step` mediumint(8) NOT NULL DEFAULT 300,
  `rrd_next_step` mediumint(8) NOT NULL DEFAULT 0,
  `arg1` text DEFAULT NULL,
  `arg2` varchar(255) DEFAULT NULL,
  `arg3` varchar(255) DEFAULT NULL
) ENGINE=MyISAM DEFAULT CHARSET=latin1;

--
-- 转存表中的数据 `poller_item`
--

INSERT INTO `poller_item` (`local_data_id`, `poller_id`, `host_id`, `action`, `present`, `hostname`, `snmp_community`, `snmp_version`, `snmp_username`, `snmp_password`, `snmp_auth_protocol`, `snmp_priv_passphrase`, `snmp_priv_protocol`, `snmp_context`, `snmp_port`, `snmp_timeout`, `rrd_name`, `rrd_path`, `rrd_num`, `rrd_step`, `rrd_next_step`, `arg1`, `arg2`, `arg3`) VALUES
(740, 0, 71, 1, 1, '127.0.0.1', 'public', 1, '', '', '', '', '', '', 161, 500, 'hdd_used', '/home/test.com/public_html/cacti/rra/localhost_hdd_free_740.rrd', 2, 300, 0, 'perl /home/test.com/public_html/cacti/scripts/query_unix_partitions.pl  get used /dev/sda1', '', ''),
(740, 0, 71, 1, 1, '127.0.0.1', 'public', 1, '', '', '', '', '', '', 161, 500, 'hdd_free', '/home/test.com/public_html/cacti/rra/localhost_hdd_free_740.rrd', 2, 300, 0, 'perl /home/test.com/public_html/cacti/scripts/query_unix_partitions.pl  get available /dev/sda1', '', ''),
(739, 0, 71, 1, 1, '127.0.0.1', 'public', 1, '', '', '', '', '', '', 161, 500, 'hdd_used', '/home/test.com/public_html/cacti/rra/localhost_hdd_free_739.rrd', 2, 300, 60, 'perl /home/test.com/public_html/cacti/scripts/query_unix_partitions.pl  get used /dev/mapper/cl-root', '', ''),
(739, 0, 71, 1, 1, '127.0.0.1', 'public', 1, '', '', '', '', '', '', 161, 500, 'hdd_free', '/home/test.com/public_html/cacti/rra/localhost_hdd_free_739.rrd', 2, 300, 60, 'perl /home/test.com/public_html/cacti/scripts/query_unix_partitions.pl  get available /dev/mapper/cl-root', '', ''),
(738, 0, 71, 1, 1, '127.0.0.1', 'public', 1, '', '', '', '', '', '', 161, 500, 'proc', '/home/test.com/public_html/cacti/rra/localhost_proc_738.rrd', 1, 300, 120, 'perl /home/test.com/public_html/cacti/scripts/unix_processes.pl', '', ''),
(736, 0, 71, 1, 1, '127.0.0.1', 'public', 1, '', '', '', '', '', '', 161, 500, '', '/home/test.com/public_html/cacti/rra/localhost_load_1min_736.rrd', 1, 300, 0, 'perl /home/test.com/public_html/cacti/scripts/loadavg_multi.pl', '', ''),
(737, 0, 71, 1, 1, '127.0.0.1', 'public', 1, '', '', '', '', '', '', 161, 500, 'users', '/home/test.com/public_html/cacti/rra/localhost_users_737.rrd', 1, 300, 60, 'perl /home/test.com/public_html/cacti/scripts/unix_users.pl ', '', ''),
(735, 0, 71, 1, 1, '127.0.0.1', 'public', 1, '', '', '', '', '', '', 161, 500, 'mem_swap', '/home/test.com/public_html/cacti/rra/localhost_mem_swap_735.rrd', 1, 300, 240, 'perl /home/test.com/public_html/cacti/scripts/linux_memory.pl SwapFree:', '', ''),
(734, 0, 71, 1, 1, '127.0.0.1', 'public', 1, '', '', '', '', '', '', 161, 500, 'mem_buffers', '/home/test.com/public_html/cacti/rra/localhost_mem_buffers_734.rrd', 1, 300, 180, 'perl /home/test.com/public_html/cacti/scripts/linux_memory.pl MemFree:', '', '');

-- --------------------------------------------------------

--
-- 表的结构 `poller_output`
--

CREATE TABLE `poller_output` (
  `local_data_id` mediumint(8) UNSIGNED NOT NULL DEFAULT 0,
  `rrd_name` varchar(19) NOT NULL DEFAULT '',
  `time` datetime NOT NULL DEFAULT '0000-00-00 00:00:00',
  `output` text NOT NULL
) ENGINE=MyISAM DEFAULT CHARSET=latin1;

-- --------------------------------------------------------

--
-- 表的结构 `poller_reindex`
--

CREATE TABLE `poller_reindex` (
  `host_id` mediumint(8) UNSIGNED NOT NULL DEFAULT 0,
  `data_query_id` mediumint(8) UNSIGNED NOT NULL DEFAULT 0,
  `action` tinyint(3) UNSIGNED NOT NULL DEFAULT 0,
  `present` tinyint(4) NOT NULL DEFAULT 1,
  `op` char(1) NOT NULL DEFAULT '',
  `assert_value` varchar(100) NOT NULL DEFAULT '',
  `arg1` varchar(255) NOT NULL DEFAULT ''
) ENGINE=MyISAM DEFAULT CHARSET=latin1;

--
-- 转存表中的数据 `poller_reindex`
--

INSERT INTO `poller_reindex` (`host_id`, `data_query_id`, `action`, `present`, `op`, `assert_value`, `arg1`) VALUES
(71, 6, 0, 1, '<', '6719', '.1.3.6.1.2.1.1.3.0');

-- --------------------------------------------------------

--
-- 表的结构 `poller_time`
--

CREATE TABLE `poller_time` (
  `id` mediumint(8) UNSIGNED NOT NULL,
  `pid` int(11) UNSIGNED NOT NULL DEFAULT 0,
  `poller_id` smallint(5) UNSIGNED NOT NULL DEFAULT 0,
  `start_time` datetime NOT NULL DEFAULT '0000-00-00 00:00:00',
  `end_time` datetime NOT NULL DEFAULT '0000-00-00 00:00:00'
) ENGINE=MyISAM DEFAULT CHARSET=latin1;

--
-- 转存表中的数据 `poller_time`
--

INSERT INTO `poller_time` (`id`, `pid`, `poller_id`, `start_time`, `end_time`) VALUES
(1, 4111, 0, '2017-12-26 13:42:01', '2017-12-26 13:42:01');

-- --------------------------------------------------------

--
-- 表的结构 `rra`
--

CREATE TABLE `rra` (
  `id` mediumint(8) UNSIGNED NOT NULL,
  `hash` varchar(32) NOT NULL DEFAULT '',
  `name` varchar(100) NOT NULL DEFAULT '',
  `x_files_factor` double NOT NULL DEFAULT 0.1,
  `steps` mediumint(8) DEFAULT 1,
  `rows` int(12) NOT NULL DEFAULT 600,
  `timespan` int(12) UNSIGNED NOT NULL DEFAULT 0
) ENGINE=MyISAM DEFAULT CHARSET=latin1;

--
-- 转存表中的数据 `rra`
--

INSERT INTO `rra` (`id`, `hash`, `name`, `x_files_factor`, `steps`, `rows`, `timespan`) VALUES
(1, 'c21df5178e5c955013591239eb0afd46', 'Daily (5 Minute Average)', 0.5, 1, 600, 86400),
(2, '0d9c0af8b8acdc7807943937b3208e29', 'Weekly (30 Minute Average)', 0.5, 6, 700, 604800),
(3, '6fc2d038fb42950138b0ce3e9874cc60', 'Monthly (2 Hour Average)', 0.5, 24, 775, 2678400),
(4, 'e36f3adb9f152adfa5dc50fd2b23337e', 'Yearly (1 Day Average)', 0.5, 288, 797, 33053184),
(5, '283ea2bf1634d92ce081ec82a634f513', 'Hourly (1 Minute Average)', 0.5, 1, 500, 14400);

-- --------------------------------------------------------

--
-- 表的结构 `rra_cf`
--

CREATE TABLE `rra_cf` (
  `rra_id` mediumint(8) UNSIGNED NOT NULL DEFAULT 0,
  `consolidation_function_id` smallint(5) UNSIGNED NOT NULL DEFAULT 0
) ENGINE=MyISAM DEFAULT CHARSET=latin1;

--
-- 转存表中的数据 `rra_cf`
--

INSERT INTO `rra_cf` (`rra_id`, `consolidation_function_id`) VALUES
(1, 1),
(1, 3),
(2, 1),
(2, 3),
(3, 1),
(3, 3),
(4, 1),
(4, 3),
(5, 1),
(5, 3);

-- --------------------------------------------------------

--
-- 表的结构 `settings`
--

CREATE TABLE `settings` (
  `name` varchar(50) NOT NULL DEFAULT '',
  `value` varchar(1024) NOT NULL DEFAULT ''
) ENGINE=MyISAM DEFAULT CHARSET=latin1;

--
-- 转存表中的数据 `settings`
--

INSERT INTO `settings` (`name`, `value`) VALUES
('path_rrdtool', '/usr/bin/rrdtool'),
('path_php_binary', '/usr/bin/php'),
('path_snmpwalk', '/usr/bin/snmpwalk'),
('path_snmpget', '/usr/bin/snmpget'),
('path_snmpbulkwalk', '/usr/bin/snmpbulkwalk'),
('path_snmpgetnext', '/usr/bin/snmpgetnext'),
('path_cactilog', '/home/test.com/public_html/cacti/log/cacti.log'),
('snmp_version', 'net-snmp'),
('rrdtool_version', 'rrd-1.4.x'),
('poller_lastrun', '1514266921'),
('path_webroot', '/home/test.com/public_html/cacti'),
('date', '2017-12-26 13:42:01'),
('stats_poller', 'Time:0.2422 Method:cmd.php Processes:1 Threads:N/A Hosts:2 HostsPerProcess:2 DataSources:1 RRDsProcessed:1'),
('stats_recache', 'RecacheTime:0.0 HostsRecached:0'),
('auth_method', '1'),
('guest_user', '0'),
('user_template', '0'),
('ldap_server', ''),
('ldap_port', '389'),
('ldap_port_ssl', '636'),
('ldap_version', '3'),
('ldap_encryption', '0'),
('ldap_referrals', '0'),
('ldap_mode', '0'),
('ldap_dn', ''),
('ldap_group_require', ''),
('ldap_group_dn', ''),
('ldap_group_attrib', ''),
('ldap_group_member_type', '1'),
('ldap_search_base', ''),
('ldap_search_filter', ''),
('ldap_specific_dn', ''),
('ldap_specific_password', ''),
('log_destination', '1'),
('log_snmp', ''),
('log_graph', ''),
('log_export', ''),
('log_verbosity', '2'),
('log_pstats', ''),
('log_pwarn', ''),
('log_perror', 'on'),
('snmp_ver', '1'),
('snmp_community', 'public'),
('snmp_username', ''),
('snmp_password', ''),
('snmp_auth_protocol', 'MD5'),
('snmp_priv_passphrase', ''),
('snmp_priv_protocol', 'DES'),
('snmp_timeout', '500'),
('snmp_port', '161'),
('snmp_retries', '3'),
('reindex_method', '1'),
('deletion_verification', 'on'),
('plugin_settings_version', '0.7'),
('settings_test_email', '18764583945@139.com'),
('settings_how', '2'),
('settings_from_email', 'jimmy@iewb.net'),
('settings_from_name', 'Jimmy'),
('settings_wordwrap', '120'),
('settings_sendmail_path', '/usr/sbin/sendmail'),
('settings_smtp_host', 'mail.iewb.net'),
('settings_smtp_port', '25'),
('settings_smtp_username', 'jimmy'),
('settings_smtp_password', 'xp0920'),
('settings_dns_primary', ''),
('settings_dns_secondary', ''),
('settings_dns_timeout', '500'),
('alert_base_url', 'http://test.com/cacti/'),
('alert_syslog', ''),
('thold_syslog_level', '4'),
('alert_num_rows', '30'),
('alert_deadnotify', 'on'),
('alert_email', '18764583945@139.com'),
('thold_send_text_only', ''),
('alert_exempt', ''),
('alert_trigger', '1'),
('alert_repeat', '12'),
('thold_alert_text', '<html><body>An alert has been issued that requires your attention. <br><br><strong>Host</strong>: <DESCRIPTION> (<HOSTNAME>)<br><strong>URL</strong>: <URL><br><strong>Message</strong>: <SUBJECT><br><br><GRAPH></body></html>'),
('alert_notify_bl', 'on'),
('alert_bl_trigger', '2'),
('alert_bl_past_default', '86400'),
('alert_bl_timerange_def', '1800'),
('alert_bl_percent_def', '15'),
('thold_from_email', 'jimmy@iewb.net'),
('thold_from_name', 'Jimmy'),
('monitor_sound', 'attn-noc.wav'),
('monitor_refresh', '60'),
('monitor_width', '6'),
('monitor_legend', 'on'),
('monitor_grouping', 'group_by_device_template'),
('monitor_view', 'default'),
('oldplugins', ''),
('plugin_monitor_version', '1.2'),
('stats_thold', 'Time:0.0105 Tholds:0 TotalHosts:1 DownHosts:0 NewDownHosts:0'),
('plugin_thold_version', '0.5'),
('poller_enabled', 'on'),
('thold_disable_all', ''),
('thold_disable_legacy', ''),
('thold_filter_default', '-1'),
('thold_log_cacti', ''),
('thold_log_changes', ''),
('thold_log_debug', ''),
('thold_log_storage', '31'),
('thold_syslog_facility', '24'),
('thold_email_prio', ''),
('thold_down_subject', 'Host Error: <DESCRIPTION> (<HOSTNAME>) is DOWN'),
('thold_down_text', 'System Error : <DESCRIPTION> (<HOSTNAME>) is <DOWN/UP><br>Reason: <MESSAGE><br><br>Average system response : <AVG_TIME> ms<br>System availability: <AVAILABILITY><br>Total Checks Since Clear: <TOT_POLL><br>Total Failed Checks: <FAIL_POLL><br>Last Date Checked DOWN : <LAST_FAIL><br>Host Previously UP for: <DOWNTIME><br>NOTE: <NOTES>'),
('thold_up_subject', 'Host Notice: <DESCRIPTION> (<HOSTNAME>) returned from DOWN state'),
('thold_up_text', '<br>System <DESCRIPTION> (<HOSTNAME>) status: <DOWN/UP><br><br>Current ping response: <CUR_TIME> ms<br>Average system response : <AVG_TIME> ms<br>System availability: <AVAILABILITY><br>Total Checks Since Clear: <TOT_POLL><br>Total Failed Checks: <FAIL_POLL><br>Last Date Checked UP: <LAST_FAIL><br>Host Previously DOWN for: <DOWNTIME><br><br>Snmp Info:<br>Name - <SNMP_HOSTNAME><br>Location - <SNMP_LOCATION><br>Uptime - <UPTIMETEXT> (<UPTIME> ms)<br>System - <SNMP_SYSTEM><br><br>NOTE: <NOTES>'),
('thold_warning_text', 'A warning has been issued that requires your attention. <br><br><strong>Host</strong>: <DESCRIPTION> (<HOSTNAME>)<br><strong>URL</strong>: <URL><br><strong>Message</strong>: <SUBJECT><br><br><GRAPH>'),
('rrd_step_counter', '3'),
('poller_type', '1'),
('poller_interval', '60'),
('cron_interval', '60'),
('concurrent_processes', '1'),
('process_leveling', 'on'),
('max_threads', '1'),
('php_servers', '1'),
('script_timeout', '25'),
('max_get_size', '10'),
('availability_method', '2'),
('ping_method', '2'),
('ping_port', '23'),
('ping_timeout', '60'),
('ping_retries', '1'),
('ping_failure_count', '2'),
('ping_recovery_count', '3'),
('weathermap_pagestyle', '0'),
('weathermap_cycle_refresh', '0'),
('weathermap_render_period', '0'),
('weathermap_quiet_logging', '0'),
('weathermap_render_counter', '20'),
('weathermap_output_format', 'png'),
('weathermap_thumbsize', '250'),
('weathermap_map_selector', '1'),
('weathermap_all_tab', '0'),
('weathermap_db_version', '0.98'),
('weathermap_last_start_time', '1514266921'),
('weathermap_last_stats', 'Tue, 26 Dec 17 13:42:01 +0800: 0 maps were run in 0 seconds with 0 warnings.'),
('weathermap_last_finish_time', '1514266921'),
('path_rrdtool_default_font', ''),
('path_spine', ''),
('extended_paths', '');

-- --------------------------------------------------------

--
-- 表的结构 `settings_graphs`
--

CREATE TABLE `settings_graphs` (
  `user_id` smallint(8) UNSIGNED NOT NULL DEFAULT 0,
  `name` varchar(50) NOT NULL DEFAULT '',
  `value` varchar(255) NOT NULL DEFAULT ''
) ENGINE=MyISAM DEFAULT CHARSET=latin1;

-- --------------------------------------------------------

--
-- 表的结构 `settings_tree`
--

CREATE TABLE `settings_tree` (
  `user_id` mediumint(8) UNSIGNED NOT NULL DEFAULT 0,
  `graph_tree_item_id` mediumint(8) UNSIGNED NOT NULL DEFAULT 0,
  `status` tinyint(1) NOT NULL DEFAULT 0
) ENGINE=MyISAM DEFAULT CHARSET=latin1;

-- --------------------------------------------------------

--
-- 表的结构 `snmp_query`
--

CREATE TABLE `snmp_query` (
  `id` mediumint(8) UNSIGNED NOT NULL,
  `hash` varchar(32) NOT NULL DEFAULT '',
  `xml_path` varchar(255) NOT NULL DEFAULT '',
  `name` varchar(100) NOT NULL DEFAULT '',
  `description` varchar(255) DEFAULT NULL,
  `graph_template_id` mediumint(8) UNSIGNED NOT NULL DEFAULT 0,
  `data_input_id` mediumint(8) UNSIGNED NOT NULL DEFAULT 0
) ENGINE=MyISAM DEFAULT CHARSET=latin1;

--
-- 转存表中的数据 `snmp_query`
--

INSERT INTO `snmp_query` (`id`, `hash`, `xml_path`, `name`, `description`, `graph_template_id`, `data_input_id`) VALUES
(1, 'd75e406fdeca4fcef45b8be3a9a63cbc', '<path_cacti>/resource/snmp_queries/interface.xml', 'SNMP - Interface Statistics', 'Queries a host for a list of monitorable interfaces', 0, 2),
(2, '3c1b27d94ad208a0090f293deadde753', '<path_cacti>/resource/snmp_queries/net-snmp_disk.xml', 'ucd/net -  Get Monitored Partitions', 'Retrieves a list of monitored partitions/disks from a net-snmp enabled host.', 0, 2),
(3, '59aab7b0feddc7860002ed9303085ba5', '<path_cacti>/resource/snmp_queries/kbridge.xml', 'Karlnet - Wireless Bridge Statistics', 'Gets information about the wireless connectivity of each station from a Karlnet bridge.', 0, 2),
(4, 'ad06f46e22e991cb47c95c7233cfaee8', '<path_cacti>/resource/snmp_queries/netware_disk.xml', 'Netware - Get Available Volumes', 'Retrieves a list of volumes from a Netware server.', 0, 2),
(6, '8ffa36c1864124b38bcda2ae9bd61f46', '<path_cacti>/resource/script_queries/unix_disk.xml', 'Unix - Get Mounted Partitions', 'Queries a list of mounted partitions on a unix-based host with the', 0, 11),
(7, '30ec734bc0ae81a3d995be82c73f46c1', '<path_cacti>/resource/snmp_queries/netware_cpu.xml', 'Netware - Get Processor Information', 'Gets information about running processors in a Netware server', 0, 2),
(8, '9343eab1f4d88b0e61ffc9d020f35414', '<path_cacti>/resource/script_server/host_disk.xml', 'SNMP - Get Mounted Partitions', 'Gets a list of partitions using SNMP', 0, 12),
(9, '0d1ab53fe37487a5d0b9e1d3ee8c1d0d', '<path_cacti>/resource/script_server/host_cpu.xml', 'SNMP - Get Processor Information', 'Gets usage for each processor in the system using the host MIB.', 0, 12);

-- --------------------------------------------------------

--
-- 表的结构 `snmp_query_graph`
--

CREATE TABLE `snmp_query_graph` (
  `id` mediumint(8) UNSIGNED NOT NULL,
  `hash` varchar(32) NOT NULL DEFAULT '',
  `snmp_query_id` mediumint(8) UNSIGNED NOT NULL DEFAULT 0,
  `name` varchar(100) NOT NULL DEFAULT '',
  `graph_template_id` mediumint(8) UNSIGNED NOT NULL DEFAULT 0
) ENGINE=MyISAM DEFAULT CHARSET=latin1;

--
-- 转存表中的数据 `snmp_query_graph`
--

INSERT INTO `snmp_query_graph` (`id`, `hash`, `snmp_query_id`, `name`, `graph_template_id`) VALUES
(2, 'a4b829746fb45e35e10474c36c69c0cf', 1, 'In/Out Errors/Discarded Packets', 22),
(3, '01e33224f8b15997d3d09d6b1bf83e18', 1, 'In/Out Non-Unicast Packets', 24),
(4, '1e6edee3115c42d644dbd014f0577066', 1, 'In/Out Unicast Packets', 23),
(6, 'da43655bf1f641b07579256227806977', 2, 'Available/Used Disk Space', 3),
(7, '1cc468ef92a5779d37a26349e27ef3ba', 3, 'Wireless Levels', 5),
(8, 'bef2dc94bc84bf91827f45424aac8d2a', 3, 'Wireless Transmissions', 6),
(9, 'ab93b588c29731ab15db601ca0bc9dec', 1, 'In/Out Bytes (64-bit Counters)', 25),
(10, '5a5ce35edb4b195cbde99fd0161dfb4e', 4, 'Volume Information (free, freeable space)', 19),
(11, 'c1c2cfd33eaf5064300e92e26e20bc56', 4, 'Directory Information (total/available entries)', 20),
(13, 'ae34f5f385bed8c81a158bf3030f1089', 1, 'In/Out Bits', 2),
(14, '1e16a505ddefb40356221d7a50619d91', 1, 'In/Out Bits (64-bit Counters)', 2),
(15, 'a0b3e7b63c2e66f9e1ea24a16ff245fc', 6, 'Available Disk Space', 21),
(16, 'd1e0d9b8efd4af98d28ce2aad81a87e7', 1, 'In/Out Bytes', 25),
(17, 'f6db4151aa07efa401a0af6c9b871844', 7, 'Get Processor Utilization', 15),
(18, '46c4ee688932cf6370459527eceb8ef3', 8, 'Available Disk Space', 26),
(19, '4a515b61441ea5f27ab7dee6c3cb7818', 9, 'Get Processor Utilization', 27),
(20, 'ed7f68175d7bb83db8ead332fc945720', 1, 'In/Out Bits with 95th Percentile', 31),
(21, 'f85386cd2fc94634ef167c7f1e5fbcd0', 1, 'In/Out Bits with Total Bandwidth', 32),
(22, '7d309bf200b6e3cdb59a33493c2e58e0', 1, 'In/Out Bytes with Total Bandwidth', 33);

-- --------------------------------------------------------

--
-- 表的结构 `snmp_query_graph_rrd`
--

CREATE TABLE `snmp_query_graph_rrd` (
  `snmp_query_graph_id` mediumint(8) UNSIGNED NOT NULL DEFAULT 0,
  `data_template_id` mediumint(8) UNSIGNED NOT NULL DEFAULT 0,
  `data_template_rrd_id` mediumint(8) UNSIGNED NOT NULL DEFAULT 0,
  `snmp_field_name` varchar(50) NOT NULL DEFAULT '0'
) ENGINE=MyISAM DEFAULT CHARSET=latin1;

--
-- 转存表中的数据 `snmp_query_graph_rrd`
--

INSERT INTO `snmp_query_graph_rrd` (`snmp_query_graph_id`, `data_template_id`, `data_template_rrd_id`, `snmp_field_name`) VALUES
(2, 38, 47, 'ifInDiscards'),
(3, 40, 52, 'ifOutNUcastPkts'),
(3, 40, 53, 'ifInNUcastPkts'),
(4, 39, 48, 'ifInUcastPkts'),
(2, 38, 51, 'ifOutErrors'),
(6, 3, 3, 'dskAvail'),
(6, 3, 4, 'dskUsed'),
(7, 7, 8, 'kbWirelessStationExclHellos'),
(7, 8, 9, 'kbWirelessStationExclHellos'),
(8, 10, 11, 'kbWirelessStationExclHellos'),
(8, 9, 10, 'kbWirelessStationExclHellos'),
(9, 41, 55, 'ifHCOutOctets'),
(9, 41, 54, 'ifHCInOctets'),
(10, 35, 38, 'nwVolSize'),
(10, 35, 40, 'nwVolFreeable'),
(10, 35, 39, 'nwVolFree'),
(11, 36, 42, 'nwVolTotalDirEntries'),
(11, 36, 43, 'nwVolUsedDirEntries'),
(2, 38, 50, 'ifOutDiscards'),
(2, 38, 46, 'ifInErrors'),
(13, 41, 54, 'ifInOctets'),
(14, 41, 54, 'ifHCInOctets'),
(14, 41, 55, 'ifHCOutOctets'),
(13, 41, 55, 'ifOutOctets'),
(4, 39, 49, 'ifOutUcastPkts'),
(15, 37, 44, 'dskAvailable'),
(16, 41, 54, 'ifInOctets'),
(16, 41, 55, 'ifOutOctets'),
(15, 37, 56, 'dskUsed'),
(17, 42, 76, 'nwhrProcessorUtilization'),
(18, 43, 78, 'hrStorageUsed'),
(18, 43, 92, 'hrStorageSize'),
(19, 44, 79, 'hrProcessorLoad'),
(20, 41, 55, 'ifOutOctets'),
(20, 41, 54, 'ifInOctets'),
(21, 41, 55, 'ifOutOctets'),
(21, 41, 54, 'ifInOctets'),
(22, 41, 55, 'ifOutOctets'),
(22, 41, 54, 'ifInOctets');

-- --------------------------------------------------------

--
-- 表的结构 `snmp_query_graph_rrd_sv`
--

CREATE TABLE `snmp_query_graph_rrd_sv` (
  `id` mediumint(8) UNSIGNED NOT NULL,
  `hash` varchar(32) NOT NULL DEFAULT '',
  `snmp_query_graph_id` mediumint(8) UNSIGNED NOT NULL DEFAULT 0,
  `data_template_id` mediumint(8) UNSIGNED NOT NULL DEFAULT 0,
  `sequence` mediumint(8) UNSIGNED NOT NULL DEFAULT 0,
  `field_name` varchar(100) NOT NULL DEFAULT '',
  `text` varchar(255) NOT NULL DEFAULT ''
) ENGINE=MyISAM DEFAULT CHARSET=latin1;

--
-- 转存表中的数据 `snmp_query_graph_rrd_sv`
--

INSERT INTO `snmp_query_graph_rrd_sv` (`id`, `hash`, `snmp_query_graph_id`, `data_template_id`, `sequence`, `field_name`, `text`) VALUES
(10, '5d3a8b2f4a454e5b0a1494e00fe7d424', 6, 3, 1, 'name', '|host_description| - Partition - |query_dskDevice|'),
(11, 'd0b49af67a83c258ef1eab3780f7b3dc', 7, 7, 1, 'name', '|host_description| - Wireless Noise Level - |query_kbWirelessStationName|'),
(12, 'bf6b966dc369f3df2ea640a90845e94c', 7, 8, 1, 'name', '|host_description| - Wireless Signal Level - |query_kbWirelessStationName|'),
(13, '5c3616603a7ac9d0c1cb9556b377a74f', 8, 10, 1, 'name', '|host_description| - Wireless Re-Transmissions - |query_kbWirelessStationName|'),
(14, '080f0022f77044a512b083e3a8304e8b', 8, 9, 1, 'name', '|host_description| - Wireless Transmissions - |query_kbWirelessStationName|'),
(30, '8132fa9c446e199732f0102733cb1714', 11, 36, 1, 'name', '|host_description| - Directories - |query_nwVolPhysicalName|'),
(29, '8fc9a94a5f6ef902a3de0fa7549e7476', 10, 35, 1, 'name', '|host_description| - Volumes - |query_nwVolPhysicalName|'),
(80, '27eb220995925e1a5e0e41b2582a2af6', 16, 41, 1, 'rrd_maximum', '|query_ifSpeed|'),
(85, 'e85ddc56efa677b70448f9e931360b77', 14, 41, 1, 'rrd_maximum', '|query_ifSpeed|'),
(84, '37bb8c5b38bb7e89ec88ea7ccacf44d4', 14, 41, 4, 'name', '|host_description| - Traffic - |query_ifDescr|'),
(83, '62a47c18be10f273a5f5a13a76b76f54', 14, 41, 3, 'name', '|host_description| - Traffic - |query_ifIP|/|query_ifDescr|'),
(32, '', 12, 37, 1, 'name', '|host_description| - Partition - |query_dskDevice|'),
(49, '6537b3209e0697fbec278e94e7317b52', 2, 38, 1, 'name', '|host_description| - Errors - |query_ifIP| - |query_ifName|'),
(50, '6d3f612051016f48c951af8901720a1c', 2, 38, 2, 'name', '|host_description| - Errors - |query_ifName|'),
(51, '62bc981690576d0b2bd0041ec2e4aa6f', 2, 38, 3, 'name', '|host_description| - Errors - |query_ifIP|/|query_ifDescr|'),
(52, 'adb270d55ba521d205eac6a21478804a', 2, 38, 4, 'name', '|host_description| - Errors - |query_ifDescr|'),
(54, '77065435f3bbb2ff99bc3b43b81de8fe', 3, 40, 1, 'name', '|host_description| - Non-Unicast Packets - |query_ifIP| - |query_ifName|'),
(55, '240d8893092619c97a54265e8d0b86a1', 3, 40, 2, 'name', '|host_description| - Non-Unicast Packets - |query_ifName|'),
(56, '4b200ecf445bdeb4c84975b74991df34', 3, 40, 3, 'name', '|host_description| - Non-Unicast Packets - |query_ifIP|/|query_ifDescr|'),
(57, 'd6da3887646078e4d01fe60a123c2179', 3, 40, 4, 'name', '|host_description| - Non-Unicast Packets - |query_ifDescr|'),
(59, 'ce7769b97d80ca31d21f83dc18ba93c2', 4, 39, 1, 'name', '|host_description| - Unicast Packets - |query_ifIP| - |query_ifName|'),
(60, '1ee1f9717f3f4771f7f823ca5a8b83dd', 4, 39, 2, 'name', '|host_description| - Unicast Packets - |query_ifName|'),
(61, 'a7dbd54604533b592d4fae6e67587e32', 4, 39, 3, 'name', '|host_description| - Unicast Packets - |query_ifIP|/|query_ifDescr|'),
(62, 'b148fa7199edcf06cd71c89e5c5d7b63', 4, 39, 4, 'name', '|host_description| - Unicast Packets - |query_ifDescr|'),
(69, 'cb09784ba05e401a3f1450126ed1e395', 15, 37, 1, 'name', '|host_description| - Free Space - |query_dskDevice|'),
(70, '87a659326af8c75158e5142874fd74b0', 13, 41, 1, 'name', '|host_description| - Traffic - |query_ifIP| - |query_ifName|'),
(72, '14aa2dead86bbad0f992f1514722c95e', 13, 41, 2, 'name', '|host_description| - Traffic - |query_ifName|'),
(73, '70390712158c3c5052a7d830fb456489', 13, 41, 3, 'name', '|host_description| - Traffic - |query_ifIP|/|query_ifDescr|'),
(74, '084efd82bbddb69fb2ac9bd0b0f16ac6', 13, 41, 4, 'name', '|host_description| - Traffic - |query_ifDescr|'),
(75, '7e093c535fa3d810fa76fc3d8c80c94b', 13, 41, 1, 'rrd_maximum', '|query_ifSpeed|'),
(76, 'c7ee2110bf81639086d2da03d9d88286', 16, 41, 1, 'name', '|host_description| - Traffic - |query_ifIP| - |query_ifName|'),
(77, '8ef8ae2ef548892ab95bb6c9f0b3170e', 16, 41, 2, 'name', '|host_description| - Traffic - |query_ifName|'),
(78, '3a0f707d1c8fd0e061b70241541c7e2e', 16, 41, 3, 'name', '|host_description| - Traffic - |query_ifIP|/|query_ifDescr|'),
(79, '2347e9f53564a54d43f3c00d4b60040d', 16, 41, 4, 'name', '|host_description| - Traffic - |query_ifDescr|'),
(81, '2e8b27c63d98249096ad5bc320787f43', 14, 41, 1, 'name', '|host_description| - Traffic - |query_ifIP| - |query_ifName|'),
(82, '8d820d091ec1a9683cfa74a462f239ee', 14, 41, 2, 'name', '|host_description| - Traffic - |query_ifName|'),
(86, 'c582d3b37f19e4a703d9bf4908dc6548', 9, 41, 1, 'name', '|host_description| - Traffic - |query_ifIP| - |query_ifName|'),
(88, 'e1be83d708ed3c0b8715ccb6517a0365', 9, 41, 2, 'name', '|host_description| - Traffic - |query_ifName|'),
(89, '57a9ae1f197498ca8dcde90194f61cbc', 9, 41, 3, 'name', '|host_description| - Traffic - |query_ifIP|/|query_ifDescr|'),
(90, '0110e120981c7ff15304e4a85cb42cbe', 9, 41, 4, 'name', '|host_description| - Traffic - |query_ifDescr|'),
(91, 'ce0b9c92a15759d3ddbd7161d26a98b7', 9, 41, 1, 'rrd_maximum', '|query_ifSpeed|'),
(92, '42277993a025f1bfd85374d6b4deeb60', 17, 42, 1, 'name', '|host_description| - CPU Utilization - CPU|query_nwhrProcessorNum|'),
(93, 'a3f280327b1592a1a948e256380b544f', 18, 43, 1, 'name', '|host_description| - Used Space - |query_hrStorageDescr|'),
(94, 'b5a724edc36c10891fa2a5c370d55b6f', 19, 44, 1, 'name', '|host_description| - CPU Utilization - CPU|query_hrProcessorFrwID|'),
(95, '7e87efd0075caba9908e2e6e569b25b0', 20, 41, 1, 'name', '|host_description| - Traffic - |query_ifIP| - |query_ifName|'),
(96, 'dd28d96a253ab86846aedb25d1cca712', 20, 41, 2, 'name', '|host_description| - Traffic - |query_ifName|'),
(97, 'ce425fed4eb3174e4f1cde9713eeafa0', 20, 41, 3, 'name', '|host_description| - Traffic - |query_ifIP|/|query_ifDescr|'),
(98, 'd0d05156ddb2c65181588db4b64d3907', 20, 41, 4, 'name', '|host_description| - Traffic - |query_ifDescr|'),
(99, '3b018f789ff72cc5693ef79e3a794370', 20, 41, 1, 'rrd_maximum', '|query_ifSpeed|'),
(100, 'b225229dbbb48c1766cf90298674ceed', 21, 41, 1, 'name', '|host_description| - Traffic - |query_ifIP| - |query_ifName|'),
(101, 'c79248ddbbd195907260887b021a055d', 21, 41, 2, 'name', '|host_description| - Traffic - |query_ifName|'),
(102, '12a6750d973b7f14783f205d86220082', 21, 41, 3, 'name', '|host_description| - Traffic - |query_ifIP|/|query_ifDescr|'),
(103, '25b151fcfe093812cb5c208e36dd697e', 21, 41, 4, 'name', '|host_description| - Traffic - |query_ifDescr|'),
(104, 'e9ab404a294e406c20fdd30df766161f', 21, 41, 1, 'rrd_maximum', '|query_ifSpeed|'),
(105, '119578a4f01ab47e820b0e894e5e5bb3', 22, 41, 1, 'name', '|host_description| - Traffic - |query_ifIP| - |query_ifName|'),
(106, '940e57d24b2623849c77b59ed05931b9', 22, 41, 2, 'name', '|host_description| - Traffic - |query_ifName|'),
(107, '0f045eab01bbc4437b30da568ed5cb03', 22, 41, 3, 'name', '|host_description| - Traffic - |query_ifIP|/|query_ifDescr|'),
(108, 'bd70bf71108d32f0bf91b24c85b87ff0', 22, 41, 4, 'name', '|host_description| - Traffic - |query_ifDescr|'),
(109, 'fdc4cb976c4b9053bfa2af791a21c5b5', 22, 41, 1, 'rrd_maximum', '|query_ifSpeed|');

-- --------------------------------------------------------

--
-- 表的结构 `snmp_query_graph_sv`
--

CREATE TABLE `snmp_query_graph_sv` (
  `id` mediumint(8) UNSIGNED NOT NULL,
  `hash` varchar(32) NOT NULL DEFAULT '',
  `snmp_query_graph_id` mediumint(8) UNSIGNED NOT NULL DEFAULT 0,
  `sequence` mediumint(8) UNSIGNED NOT NULL DEFAULT 0,
  `field_name` varchar(100) NOT NULL DEFAULT '',
  `text` varchar(255) NOT NULL DEFAULT ''
) ENGINE=MyISAM DEFAULT CHARSET=latin1;

--
-- 转存表中的数据 `snmp_query_graph_sv`
--

INSERT INTO `snmp_query_graph_sv` (`id`, `hash`, `snmp_query_graph_id`, `sequence`, `field_name`, `text`) VALUES
(7, '437918b8dcd66a64625c6cee481fff61', 6, 1, 'title', '|host_description| - Disk Space - |query_dskPath|'),
(5, '2ddc61ff4bd9634f33aedce9524b7690', 7, 1, 'title', '|host_description| - Wireless Levels (|query_kbWirelessStationName|)'),
(6, 'c72e2da7af2cdbd6b44a5eb42c5b4758', 8, 1, 'title', '|host_description| - Wireless Transmissions (|query_kbWirelessStationName|)'),
(11, 'a412c5dfa484b599ec0f570979fdbc9e', 10, 1, 'title', '|host_description| - Volume Information - |query_nwVolPhysicalName|'),
(12, '48f4792dd49fefd7d640ec46b1d7bdb3', 11, 1, 'title', '|host_description| - Directory Information - |query_nwVolPhysicalName|'),
(14, '', 12, 1, 'title', '|host_description| - Disk Space - |query_dskDevice|'),
(15, '49dca5592ac26ff149a4fbd18d690644', 13, 1, 'title', '|host_description| - Traffic - |query_ifName|'),
(16, 'bda15298139ad22bdc8a3b0952d4e3ab', 13, 2, 'title', '|host_description| - Traffic - |query_ifIP| (|query_ifDescr|)'),
(17, '29e48483d0471fcd996bfb702a5960aa', 13, 3, 'title', '|host_description| - Traffic - |query_ifDescr|/|query_ifIndex|'),
(18, '3f42d358965cb94ce4f708b59e04f82b', 14, 1, 'title', '|host_description| - Traffic - |query_ifName|'),
(19, '45f44b2f811ea8a8ace1cbed8ef906f1', 14, 2, 'title', '|host_description| - Traffic - |query_ifIP| (|query_ifDescr|)'),
(20, '69c14fbcc23aecb9920b3cdad7f89901', 14, 3, 'title', '|host_description| - Traffic - |query_ifDescr|/|query_ifIndex|'),
(21, '299d3434851fc0d5c0e105429069709d', 2, 1, 'title', '|host_description| - Errors - |query_ifName|'),
(22, '8c8860b17fd67a9a500b4cb8b5e19d4b', 2, 2, 'title', '|host_description| - Errors - |query_ifIP| (|query_ifDescr|)'),
(23, 'd96360ae5094e5732e7e7496ceceb636', 2, 3, 'title', '|host_description| - Errors - |query_ifDescr|/|query_ifIndex|'),
(24, '750a290cadc3dc60bb682a5c5f47df16', 3, 1, 'title', '|host_description| - Non-Unicast Packets - |query_ifName|'),
(25, 'bde195eecc256c42ca9725f1f22c1dc0', 3, 2, 'title', '|host_description| - Non-Unicast Packets - |query_ifIP| (|query_ifDescr|)'),
(26, 'd9e97d22689e4ffddaca23b46f2aa306', 3, 3, 'title', '|host_description| - Non-Unicast Packets - |query_ifDescr|/|query_ifIndex|'),
(27, '48ceaba62e0c2671a810a7f1adc5f751', 4, 1, 'title', '|host_description| - Unicast Packets - |query_ifName|'),
(28, 'd6258884bed44abe46d264198adc7c5d', 4, 2, 'title', '|host_description| - Unicast Packets - |query_ifIP| (|query_ifDescr|)'),
(29, '6eb58d9835b2b86222306d6ced9961d9', 4, 3, 'title', '|host_description| - Unicast Packets - |query_ifDescr|/|query_ifIndex|'),
(30, 'f21b23df740bc4a2d691d2d7b1b18dba', 15, 1, 'title', '|host_description| - Disk Space - |query_dskDevice|'),
(31, '7fb4a267065f960df81c15f9022cd3a4', 16, 1, 'title', '|host_description| - Traffic - |query_ifName|'),
(32, 'e403f5a733bf5c8401a110609683deb3', 16, 2, 'title', '|host_description| - Traffic - |query_ifIP| (|query_ifDescr|)'),
(33, '809c2e80552d56b65ca496c1c2fff398', 16, 3, 'title', '|host_description| - Traffic - |query_ifDescr|/|query_ifIndex|'),
(34, '0a5eb36e98c04ad6be8e1ef66caeed3c', 9, 1, 'title', '|host_description| - Traffic - |query_ifName|'),
(35, '4c4386a96e6057b7bd0b78095209ddfa', 9, 2, 'title', '|host_description| - Traffic - |query_ifIP| (|query_ifDescr|)'),
(36, 'fd3a384768b0388fa64119fe2f0cc113', 9, 3, 'title', '|host_description| - Traffic - |query_ifDescr|/|query_ifIndex|'),
(38, '9852782792ede7c0805990e506ac9618', 18, 1, 'title', '|host_description| - Used Space - |query_hrStorageDescr|'),
(39, 'fa2f07ab54fce72eea684ba893dd9c95', 19, 1, 'title', '|host_description| - CPU Utilization - CPU|query_hrProcessorFrwID|'),
(40, 'd99f8db04fd07bcd2260d246916e03da', 17, 1, 'title', '|host_description| - CPU Utilization - CPU|query_nwhrProcessorNum|'),
(41, 'f434ec853c479d424276f367e9806a75', 20, 1, 'title', '|host_description| - Traffic - |query_ifName|'),
(42, '9b085245847444c5fb90ebbf4448e265', 20, 2, 'title', '|host_description| - Traffic - |query_ifIP| (|query_ifDescr|)'),
(43, '5977863f28629bd8eb93a2a9cbc3e306', 20, 3, 'title', '|host_description| - Traffic - |query_ifDescr|/|query_ifIndex|'),
(44, '37b6711af3930c56309cf8956d8bbf14', 21, 1, 'title', '|host_description| - Traffic - |query_ifName|'),
(45, 'cc435c5884a75421329a9b08207c1c90', 21, 2, 'title', '|host_description| - Traffic - |query_ifIP| (|query_ifDescr|)'),
(46, '82edeea1ec249c9818773e3145836492', 21, 3, 'title', '|host_description| - Traffic - |query_ifDescr|/|query_ifIndex|'),
(47, '87522150ee8a601b4d6a1f6b9e919c47', 22, 1, 'title', '|host_description| - Traffic - |query_ifName|'),
(48, '993a87c04f550f1209d689d584aa8b45', 22, 2, 'title', '|host_description| - Traffic - |query_ifIP| (|query_ifDescr|)'),
(49, '183bb486c92a566fddcb0585ede37865', 22, 3, 'title', '|host_description| - Traffic - |query_ifDescr|/|query_ifIndex|');

-- --------------------------------------------------------

--
-- 表的结构 `thold_data`
--

CREATE TABLE `thold_data` (
  `id` int(11) NOT NULL,
  `name` varchar(100) DEFAULT NULL,
  `rra_id` int(11) NOT NULL DEFAULT 0,
  `data_id` int(11) NOT NULL DEFAULT 0,
  `graph_id` int(11) NOT NULL DEFAULT 0,
  `graph_template` int(11) NOT NULL DEFAULT 0,
  `data_template` int(11) NOT NULL DEFAULT 0,
  `thold_hi` varchar(100) DEFAULT NULL,
  `thold_low` varchar(100) DEFAULT NULL,
  `thold_fail_trigger` int(10) UNSIGNED DEFAULT NULL,
  `thold_fail_count` int(11) NOT NULL DEFAULT 0,
  `time_hi` varchar(100) DEFAULT NULL,
  `time_low` varchar(100) DEFAULT NULL,
  `time_fail_trigger` int(12) NOT NULL DEFAULT 1,
  `time_fail_length` int(12) NOT NULL DEFAULT 1,
  `thold_warning_hi` varchar(100) DEFAULT NULL,
  `thold_warning_low` varchar(100) DEFAULT NULL,
  `thold_warning_fail_trigger` int(10) UNSIGNED DEFAULT NULL,
  `thold_warning_fail_count` int(11) NOT NULL DEFAULT 0,
  `time_warning_hi` varchar(100) DEFAULT NULL,
  `time_warning_low` varchar(100) DEFAULT NULL,
  `time_warning_fail_trigger` int(12) NOT NULL DEFAULT 1,
  `time_warning_fail_length` int(12) NOT NULL DEFAULT 1,
  `thold_alert` int(1) NOT NULL DEFAULT 0,
  `thold_enabled` enum('on','off') NOT NULL DEFAULT 'on',
  `thold_type` int(3) NOT NULL DEFAULT 0,
  `bl_ref_time_range` int(10) UNSIGNED DEFAULT NULL,
  `bl_pct_down` varchar(100) DEFAULT NULL,
  `bl_pct_up` varchar(100) DEFAULT NULL,
  `bl_fail_trigger` int(10) UNSIGNED DEFAULT NULL,
  `bl_fail_count` int(11) UNSIGNED DEFAULT NULL,
  `bl_alert` int(2) NOT NULL DEFAULT 0,
  `lastread` varchar(100) DEFAULT NULL,
  `lasttime` timestamp NOT NULL DEFAULT '0000-00-00 00:00:00',
  `oldvalue` varchar(100) DEFAULT NULL,
  `repeat_alert` int(10) UNSIGNED DEFAULT NULL,
  `notify_default` enum('on','off') DEFAULT NULL,
  `notify_extra` varchar(512) DEFAULT NULL,
  `notify_warning_extra` varchar(512) DEFAULT NULL,
  `notify_warning` int(10) UNSIGNED DEFAULT NULL,
  `notify_alert` int(10) UNSIGNED DEFAULT NULL,
  `host_id` int(10) DEFAULT NULL,
  `syslog_priority` int(2) NOT NULL DEFAULT 3,
  `data_type` int(12) NOT NULL DEFAULT 0,
  `cdef` int(11) NOT NULL DEFAULT 0,
  `percent_ds` varchar(64) NOT NULL DEFAULT '',
  `expression` varchar(70) NOT NULL DEFAULT '',
  `template` int(11) NOT NULL DEFAULT 0,
  `template_enabled` char(3) NOT NULL DEFAULT '',
  `tcheck` int(1) NOT NULL DEFAULT 0,
  `exempt` char(3) NOT NULL DEFAULT 'off',
  `restored_alert` char(3) NOT NULL DEFAULT 'off',
  `bl_thold_valid` int(10) UNSIGNED NOT NULL DEFAULT 0
) ENGINE=MyISAM DEFAULT CHARSET=latin1 COMMENT='Threshold data';

-- --------------------------------------------------------

--
-- 表的结构 `thold_template`
--

CREATE TABLE `thold_template` (
  `id` int(11) NOT NULL,
  `hash` varchar(32) NOT NULL,
  `name` varchar(100) NOT NULL DEFAULT '',
  `data_template_id` int(10) NOT NULL DEFAULT 0,
  `data_template_name` varchar(100) NOT NULL DEFAULT '',
  `data_source_id` int(10) NOT NULL DEFAULT 0,
  `data_source_name` varchar(100) NOT NULL DEFAULT '',
  `data_source_friendly` varchar(100) NOT NULL DEFAULT '',
  `thold_hi` varchar(100) DEFAULT NULL,
  `thold_low` varchar(100) DEFAULT NULL,
  `thold_fail_trigger` int(10) UNSIGNED DEFAULT NULL,
  `time_hi` varchar(100) DEFAULT NULL,
  `time_low` varchar(100) DEFAULT NULL,
  `time_fail_trigger` int(12) NOT NULL DEFAULT 1,
  `time_fail_length` int(12) NOT NULL DEFAULT 1,
  `thold_warning_hi` varchar(100) DEFAULT NULL,
  `thold_warning_low` varchar(100) DEFAULT NULL,
  `thold_warning_fail_trigger` int(10) UNSIGNED DEFAULT NULL,
  `thold_warning_fail_count` int(11) NOT NULL DEFAULT 0,
  `time_warning_hi` varchar(100) DEFAULT NULL,
  `time_warning_low` varchar(100) DEFAULT NULL,
  `time_warning_fail_trigger` int(12) NOT NULL DEFAULT 1,
  `time_warning_fail_length` int(12) NOT NULL DEFAULT 1,
  `thold_enabled` enum('on','off') NOT NULL DEFAULT 'on',
  `thold_type` int(3) NOT NULL DEFAULT 0,
  `bl_ref_time_range` int(10) UNSIGNED DEFAULT NULL,
  `bl_pct_down` varchar(100) DEFAULT NULL,
  `bl_pct_up` varchar(100) DEFAULT NULL,
  `bl_fail_trigger` int(10) UNSIGNED DEFAULT NULL,
  `bl_fail_count` int(11) UNSIGNED DEFAULT NULL,
  `bl_alert` int(2) NOT NULL DEFAULT 0,
  `repeat_alert` int(10) UNSIGNED DEFAULT NULL,
  `notify_default` enum('on','off') DEFAULT NULL,
  `notify_extra` varchar(512) DEFAULT NULL,
  `notify_warning_extra` varchar(512) DEFAULT NULL,
  `notify_warning` int(10) UNSIGNED DEFAULT NULL,
  `notify_alert` int(10) UNSIGNED DEFAULT NULL,
  `data_type` int(12) NOT NULL DEFAULT 0,
  `cdef` int(11) NOT NULL DEFAULT 0,
  `percent_ds` varchar(64) NOT NULL DEFAULT '',
  `expression` varchar(70) NOT NULL DEFAULT '',
  `exempt` char(3) NOT NULL DEFAULT 'off',
  `restored_alert` char(3) NOT NULL DEFAULT 'off'
) ENGINE=MyISAM DEFAULT CHARSET=latin1 COMMENT='Table of thresholds defaults for graphs';

-- --------------------------------------------------------

--
-- 表的结构 `user_auth`
--

CREATE TABLE `user_auth` (
  `id` mediumint(8) UNSIGNED NOT NULL,
  `username` varchar(50) NOT NULL DEFAULT '0',
  `password` varchar(50) NOT NULL DEFAULT '0',
  `realm` mediumint(8) NOT NULL DEFAULT 0,
  `full_name` varchar(100) DEFAULT '0',
  `must_change_password` char(2) DEFAULT NULL,
  `show_tree` char(2) DEFAULT 'on',
  `show_list` char(2) DEFAULT 'on',
  `show_preview` char(2) NOT NULL DEFAULT 'on',
  `graph_settings` char(2) DEFAULT NULL,
  `login_opts` tinyint(1) NOT NULL DEFAULT 1,
  `policy_graphs` tinyint(1) UNSIGNED NOT NULL DEFAULT 1,
  `policy_trees` tinyint(1) UNSIGNED NOT NULL DEFAULT 1,
  `policy_hosts` tinyint(1) UNSIGNED NOT NULL DEFAULT 1,
  `policy_graph_templates` tinyint(1) UNSIGNED NOT NULL DEFAULT 1,
  `enabled` char(2) NOT NULL DEFAULT 'on'
) ENGINE=MyISAM DEFAULT CHARSET=latin1;

--
-- 转存表中的数据 `user_auth`
--

INSERT INTO `user_auth` (`id`, `username`, `password`, `realm`, `full_name`, `must_change_password`, `show_tree`, `show_list`, `show_preview`, `graph_settings`, `login_opts`, `policy_graphs`, `policy_trees`, `policy_hosts`, `policy_graph_templates`, `enabled`) VALUES
(1, 'admin', '21232f297a57a5a743894a0e4a801fc3', 0, 'Administrator', '', 'on', 'on', 'on', 'on', 1, 1, 1, 1, 1, 'on'),
(3, 'user', 'ee11cbb19052e40b07aac0ca060c23ee', 0, 'Guest Account', '', 'on', 'on', 'on', 'on', 3, 1, 1, 1, 1, 'on');

-- --------------------------------------------------------

--
-- 表的结构 `user_auth_perms`
--

CREATE TABLE `user_auth_perms` (
  `user_id` mediumint(8) UNSIGNED NOT NULL DEFAULT 0,
  `item_id` mediumint(8) UNSIGNED NOT NULL DEFAULT 0,
  `type` tinyint(2) UNSIGNED NOT NULL DEFAULT 0
) ENGINE=MyISAM DEFAULT CHARSET=latin1;

-- --------------------------------------------------------

--
-- 表的结构 `user_auth_realm`
--

CREATE TABLE `user_auth_realm` (
  `realm_id` mediumint(8) UNSIGNED NOT NULL DEFAULT 0,
  `user_id` mediumint(8) UNSIGNED NOT NULL DEFAULT 0
) ENGINE=MyISAM DEFAULT CHARSET=latin1;

--
-- 转存表中的数据 `user_auth_realm`
--

INSERT INTO `user_auth_realm` (`realm_id`, `user_id`) VALUES
(1, 1),
(2, 1),
(3, 1),
(4, 1),
(5, 1),
(7, 1),
(7, 3),
(8, 1),
(9, 1),
(10, 1),
(11, 1),
(12, 1),
(13, 1),
(14, 1),
(15, 1),
(16, 1),
(17, 1),
(101, 1),
(104, 1),
(105, 1),
(106, 1),
(107, 1),
(108, 1),
(109, 1),
(109, 3),
(110, 1),
(111, 1),
(112, 1);

-- --------------------------------------------------------

--
-- 表的结构 `user_log`
--

CREATE TABLE `user_log` (
  `username` varchar(50) NOT NULL DEFAULT '0',
  `user_id` mediumint(8) NOT NULL DEFAULT 0,
  `time` datetime NOT NULL DEFAULT '0000-00-00 00:00:00',
  `result` tinyint(1) NOT NULL DEFAULT 0,
  `ip` varchar(40) NOT NULL DEFAULT ''
) ENGINE=MyISAM DEFAULT CHARSET=latin1;

--
-- 转存表中的数据 `user_log`
--

INSERT INTO `user_log` (`username`, `user_id`, `time`, `result`, `ip`) VALUES
('admin', 1, '2014-02-17 09:33:17', 1, '218.57.221.115'),
('admin', 0, '0000-00-00 00:00:00', 3, '218.57.221.115'),
('admin', 1, '2014-02-17 17:42:38', 1, '218.57.221.115'),
('admin', 1, '2014-02-18 08:29:30', 1, '218.57.221.115'),
('admin', 1, '2014-02-19 08:15:39', 1, '218.57.221.115'),
('admin', 1, '2014-02-22 09:07:07', 1, '218.57.221.115'),
('admin', 1, '2014-02-23 18:13:38', 1, '218.57.221.115'),
('admin', 1, '2014-02-24 14:22:25', 1, '218.57.221.115'),
('admin', 1, '2014-03-03 13:15:25', 1, '218.57.221.115'),
('admin', 1, '2014-04-26 00:00:46', 1, '218.57.221.115'),
('admin', 1, '2014-05-15 09:20:36', 1, '218.57.221.115'),
('admin', 1, '2014-05-19 16:49:00', 1, '218.57.221.115'),
('admin', 1, '2014-05-28 16:43:36', 1, '218.57.221.115'),
('192', 0, '2015-01-01 16:53:54', 0, '192.168.6.172'),
('192', 0, '2015-01-01 16:54:00', 0, '192.168.6.172'),
('admin', 0, '2015-01-01 16:54:04', 0, '192.168.6.172'),
('admin', 0, '2015-01-01 16:54:06', 0, '192.168.6.172'),
('admin', 0, '2015-01-01 16:54:11', 0, '192.168.6.172'),
('admin', 0, '2015-01-01 16:54:12', 0, '192.168.6.172'),
('admin', 1, '2015-01-01 16:54:17', 1, '192.168.6.172'),
('admin', 1, '2015-01-01 17:03:03', 1, '192.168.6.172'),
('admin', 1, '2015-01-01 20:16:26', 1, '192.168.6.172'),
('admin', 0, '2015-01-04 23:37:12', 0, '192.168.6.172'),
('root', 0, '2015-01-04 23:37:24', 0, '192.168.6.172'),
('root', 0, '2015-01-04 23:37:34', 0, '192.168.6.172'),
('root', 0, '2015-01-04 23:37:47', 0, '192.168.6.172'),
('root', 0, '2015-01-04 23:37:52', 0, '192.168.6.172'),
('root', 0, '2015-01-04 23:37:59', 0, '192.168.6.172'),
('root', 0, '2015-01-04 23:38:06', 0, '192.168.6.172'),
('root', 0, '2015-01-04 23:38:13', 0, '192.168.6.172'),
('root', 0, '2015-01-04 23:38:25', 0, '192.168.6.172'),
('root', 0, '2015-01-04 23:38:33', 0, '192.168.6.172'),
('root', 0, '2015-01-04 23:38:38', 0, '192.168.6.172'),
('root', 0, '2015-01-04 23:38:41', 0, '192.168.6.172'),
('root', 0, '2015-01-04 23:38:44', 0, '192.168.6.172'),
('root', 0, '2015-01-04 23:39:05', 0, '192.168.6.172'),
('root', 0, '2015-01-04 23:39:10', 0, '192.168.6.172'),
('admin', 1, '2015-01-04 23:41:12', 1, '192.168.6.172'),
('root', 0, '2015-01-09 22:31:04', 0, '192.168.6.172'),
('admin', 1, '2015-01-09 22:31:10', 1, '192.168.6.172'),
('root', 0, '2015-01-09 23:33:20', 0, '192.168.6.172'),
('admin', 1, '2015-01-09 23:33:27', 1, '192.168.6.172'),
('admin', 1, '2015-01-09 23:34:43', 1, '192.168.6.172'),
('admin', 1, '2015-01-09 23:35:59', 1, '192.168.6.172'),
('admin', 1, '2015-01-10 01:39:18', 1, '192.168.6.172'),
('admin', 1, '2015-01-10 01:47:42', 1, '192.168.6.172'),
('admin', 1, '2015-01-10 13:31:35', 1, '192.168.6.172'),
('admin', 1, '2015-01-10 16:59:12', 1, '192.168.6.172'),
('admin', 1, '2015-01-10 20:41:35', 1, '192.168.6.172'),
('admin', 1, '2015-01-11 16:47:01', 1, '192.168.6.172'),
('admin', 1, '2015-01-11 21:09:33', 1, '192.168.6.172'),
('admin', 1, '2015-01-14 20:51:42', 1, '192.168.6.172'),
('admin', 1, '2015-01-15 18:17:48', 1, '192.168.6.172'),
('admin', 1, '2015-01-15 18:24:10', 1, '192.168.6.172'),
('admin', 1, '2015-01-15 20:34:02', 1, '192.168.6.172'),
('admin', 1, '2015-01-16 10:59:16', 1, '192.168.6.172'),
('admin', 1, '2015-01-18 14:57:47', 1, '192.168.6.172'),
('admin', 1, '2015-01-18 16:04:27', 1, '192.168.6.172'),
('admin', 1, '2015-01-20 09:04:29', 1, '192.168.15.20'),
('admin', 1, '2015-01-22 23:12:17', 1, '192.168.15.20'),
('admin', 1, '2015-01-28 20:36:04', 1, '192.168.15.20'),
('admin', 1, '2015-02-04 19:01:29', 1, '192.168.6.172'),
('admin', 1, '2015-02-04 20:30:17', 1, '192.168.15.20'),
('admin', 1, '2015-02-12 09:45:00', 1, '192.168.15.20'),
('admin', 1, '2015-02-12 15:40:39', 1, '192.168.15.20'),
('admin', 1, '2015-02-27 09:58:26', 1, '192.168.15.20'),
('admin', 1, '2015-07-21 10:27:36', 1, '192.168.15.20'),
('admin', 1, '2015-08-07 02:20:26', 1, '192.168.6.172'),
('admin', 1, '2015-08-07 05:26:30', 1, '10.9.2.80'),
('admin', 1, '2015-08-14 00:48:58', 1, '10.9.2.212'),
('admin', 1, '2015-10-15 21:44:48', 1, '10.9.2.220'),
('admin', 1, '2017-01-21 10:49:46', 1, '10.9.4.254'),
('admin', 1, '2017-04-21 14:19:53', 1, '10.9.3.11'),
('admin', 1, '2017-04-21 14:20:24', 1, '10.10.2.51'),
('admin', 1, '2017-09-16 17:23:23', 1, '10.9.3.40'),
('admin', 1, '2017-09-18 11:17:04', 1, '10.9.3.40'),
('admin', 1, '2017-09-22 09:46:23', 1, '10.9.3.40'),
('admin', 1, '2017-09-28 16:11:06', 1, '10.9.2.44'),
('admin', 1, '2017-10-10 03:47:40', 1, '10.9.2.44'),
('admin', 1, '2017-12-10 20:59:43', 1, '10.9.2.44'),
('admin', 1, '2017-12-12 03:59:53', 1, '10.9.2.44'),
('guest', 0, '2017-12-12 07:37:08', 0, '10.9.2.44'),
('guest', 0, '2017-12-12 07:37:14', 0, '10.9.2.44'),
('guest', 0, '2017-12-12 07:37:16', 0, '10.9.2.44'),
('admin', 0, '2017-12-12 07:37:25', 0, '10.9.2.44'),
('admin', 1, '2017-12-12 07:37:29', 1, '10.9.2.44'),
('guest', 0, '2017-12-12 07:38:00', 0, '10.9.2.44'),
('user', 0, '2017-12-12 07:38:03', 0, '10.9.2.44'),
('guest', 0, '2017-12-12 07:38:07', 0, '10.9.2.44'),
('guest', 0, '2017-12-12 07:38:10', 0, '10.9.2.44'),
('admin', 1, '2017-12-12 07:38:17', 1, '10.9.2.44'),
('user', 3, '2017-12-12 07:38:57', 1, '10.9.2.44'),
('admin', 1, '2017-12-12 07:39:57', 1, '10.9.2.44'),
('admin', 1, '2017-12-14 08:25:59', 1, '10.9.2.44'),
('admin', 1, '2017-12-14 17:03:06', 1, '10.9.2.44'),
('admin', 1, '2017-12-14 17:03:28', 1, '10.9.2.44'),
('admin', 1, '2017-12-15 08:24:00', 1, '10.9.2.44'),
('admin', 1, '2017-12-15 08:43:39', 1, '10.9.2.44'),
('admin', 1, '2017-12-15 09:03:23', 1, '10.10.2.51'),
('admin', 1, '2017-12-15 09:03:38', 1, '10.10.2.51'),
('admin', 0, '2017-12-15 11:38:58', 0, '10.9.2.59'),
('admin', 1, '2017-12-15 11:39:02', 1, '10.9.2.59'),
('admin', 1, '2017-12-15 11:50:32', 1, '10.9.2.59'),
('admin', 1, '2017-12-15 14:14:51', 1, '10.9.3.99'),
('zhanglibin', 4, '2017-12-15 16:25:03', 1, '10.9.2.44'),
('admin', 1, '2017-12-15 16:25:22', 1, '10.9.2.44'),
('zhanglibin', 4, '2017-12-15 16:26:16', 1, '10.9.2.44'),
('admin', 1, '2017-12-15 16:27:29', 1, '10.9.2.44'),
('zhanglibin', 4, '2017-12-15 16:28:53', 1, '10.9.2.44'),
('admin', 1, '2017-12-15 16:29:10', 1, '10.9.2.44'),
('adminzhanglibin', 0, '2017-12-15 16:30:33', 0, '10.9.2.44'),
('zhanglibin', 3, '2017-12-15 16:30:37', 1, '10.9.2.44'),
('admin', 1, '2017-12-15 16:32:06', 1, '10.9.2.44'),
('zhanglibin', 3, '2017-12-15 16:47:05', 1, '10.9.3.145'),
('zhanglibin', 3, '2017-12-15 16:49:53', 1, '10.9.3.145'),
('zhanglibin', 3, '2017-12-15 16:51:38', 1, '10.9.3.145'),
('admin', 1, '2017-12-15 17:09:18', 1, '10.9.2.44'),
('zhanglibin', 3, '2017-12-15 17:09:28', 1, '10.9.2.44'),
('admin', 1, '2017-12-15 17:29:33', 1, '10.9.2.44'),
('admin', 1, '2017-12-16 07:36:24', 1, '10.9.2.44'),
('admin', 1, '2017-12-16 08:07:59', 1, '10.10.2.51'),
('zhanglibin', 3, '2017-12-16 08:08:00', 1, '10.9.3.145'),
('admin', 1, '2017-12-16 08:09:23', 1, '10.10.2.51'),
('zhanglibin', 3, '2017-12-16 09:36:14', 1, '10.9.3.145'),
('admin', 1, '2017-12-16 12:48:21', 1, '10.10.2.51'),
('admin', 1, '2017-12-19 09:31:33', 1, '10.9.2.44'),
('admin', 1, '2017-12-20 10:00:28', 1, '10.9.2.44'),
('admin', 1, '2017-12-20 13:08:05', 1, '10.10.2.51'),
('zhanglibin', 3, '2017-12-20 14:13:05', 1, '10.9.3.145'),
('admin', 1, '2017-12-21 10:45:42', 1, '10.9.2.44'),
('admin', 1, '2017-12-22 08:20:07', 1, '10.9.2.40'),
('zhanglibin', 3, '2017-12-22 10:02:08', 1, '10.9.3.145'),
('admin', 1, '2017-12-22 13:56:49', 1, '10.9.2.40'),
('admin', 1, '2017-12-23 09:43:06', 1, '10.9.2.44'),
('zhanglibin', 3, '2017-12-23 16:00:54', 1, '10.9.3.145'),
('zhanglibin', 3, '2017-12-25 09:58:46', 1, '10.9.3.145'),
('admin', 0, '2017-12-25 16:10:07', 0, '10.9.2.40'),
('admin', 0, '2017-12-25 16:10:10', 0, '10.9.2.40'),
('admin', 1, '2017-12-25 16:10:14', 1, '10.9.2.40'),
('admin', 1, '2017-12-26 13:17:12', 1, '172.16.88.100'),
('admin', 1, '2017-12-26 13:27:40', 1, '172.16.88.100'),
('user', 3, '2017-12-26 13:27:46', 1, '172.16.88.100'),
('admin', 0, '2017-12-26 13:27:51', 0, '172.16.88.100'),
('admin', 1, '2017-12-26 13:27:54', 1, '172.16.88.100');

-- --------------------------------------------------------

--
-- 表的结构 `version`
--

CREATE TABLE `version` (
  `cacti` char(20) DEFAULT NULL
) ENGINE=MyISAM DEFAULT CHARSET=latin1;

--
-- 转存表中的数据 `version`
--

INSERT INTO `version` (`cacti`) VALUES
('0.8.8a');

-- --------------------------------------------------------

--
-- 表的结构 `weathermap_auth`
--

CREATE TABLE `weathermap_auth` (
  `userid` mediumint(9) NOT NULL DEFAULT 0,
  `mapid` int(11) NOT NULL DEFAULT 0
) ENGINE=MyISAM DEFAULT CHARSET=latin1;

-- --------------------------------------------------------

--
-- 表的结构 `weathermap_data`
--

CREATE TABLE `weathermap_data` (
  `id` int(11) NOT NULL,
  `rrdfile` varchar(255) NOT NULL,
  `data_source_name` varchar(19) NOT NULL,
  `last_time` int(11) NOT NULL,
  `last_value` varchar(255) NOT NULL,
  `last_calc` varchar(255) NOT NULL,
  `sequence` int(11) NOT NULL,
  `local_data_id` int(11) NOT NULL DEFAULT 0
) ENGINE=MyISAM DEFAULT CHARSET=latin1;

-- --------------------------------------------------------

--
-- 表的结构 `weathermap_groups`
--

CREATE TABLE `weathermap_groups` (
  `id` int(11) NOT NULL,
  `name` varchar(128) NOT NULL DEFAULT '',
  `sortorder` int(11) NOT NULL DEFAULT 0
) ENGINE=MyISAM DEFAULT CHARSET=latin1;

--
-- 转存表中的数据 `weathermap_groups`
--

INSERT INTO `weathermap_groups` (`id`, `name`, `sortorder`) VALUES
(1, 'Weathermaps', 1);

-- --------------------------------------------------------

--
-- 表的结构 `weathermap_maps`
--

CREATE TABLE `weathermap_maps` (
  `id` int(11) NOT NULL,
  `sortorder` int(11) NOT NULL DEFAULT 0,
  `group_id` int(11) NOT NULL DEFAULT 1,
  `active` set('on','off') NOT NULL DEFAULT 'on',
  `configfile` text NOT NULL,
  `imagefile` text NOT NULL,
  `htmlfile` text NOT NULL,
  `titlecache` text NOT NULL,
  `filehash` varchar(40) NOT NULL DEFAULT '',
  `warncount` int(11) NOT NULL DEFAULT 0,
  `config` text NOT NULL,
  `thumb_width` int(11) NOT NULL DEFAULT 0,
  `thumb_height` int(11) NOT NULL DEFAULT 0,
  `schedule` varchar(32) NOT NULL DEFAULT '*',
  `archiving` set('on','off') NOT NULL DEFAULT 'off'
) ENGINE=MyISAM DEFAULT CHARSET=latin1;

-- --------------------------------------------------------

--
-- 表的结构 `weathermap_settings`
--

CREATE TABLE `weathermap_settings` (
  `id` int(11) NOT NULL,
  `mapid` int(11) NOT NULL DEFAULT 0,
  `groupid` int(11) NOT NULL DEFAULT 0,
  `optname` varchar(128) NOT NULL DEFAULT '',
  `optvalue` varchar(128) NOT NULL DEFAULT ''
) ENGINE=MyISAM DEFAULT CHARSET=latin1;

--
-- Indexes for dumped tables
--

--
-- Indexes for table `cdef`
--
ALTER TABLE `cdef`
  ADD PRIMARY KEY (`id`);

--
-- Indexes for table `cdef_items`
--
ALTER TABLE `cdef_items`
  ADD PRIMARY KEY (`id`),
  ADD KEY `cdef_id` (`cdef_id`);

--
-- Indexes for table `colors`
--
ALTER TABLE `colors`
  ADD PRIMARY KEY (`id`);

--
-- Indexes for table `data_input`
--
ALTER TABLE `data_input`
  ADD PRIMARY KEY (`id`),
  ADD KEY `name` (`name`);

--
-- Indexes for table `data_input_data`
--
ALTER TABLE `data_input_data`
  ADD PRIMARY KEY (`data_input_field_id`,`data_template_data_id`),
  ADD KEY `t_value` (`t_value`);

--
-- Indexes for table `data_input_fields`
--
ALTER TABLE `data_input_fields`
  ADD PRIMARY KEY (`id`),
  ADD KEY `data_input_id` (`data_input_id`),
  ADD KEY `type_code` (`type_code`);

--
-- Indexes for table `data_local`
--
ALTER TABLE `data_local`
  ADD PRIMARY KEY (`id`),
  ADD KEY `data_template_id` (`data_template_id`),
  ADD KEY `snmp_query_id` (`snmp_query_id`);

--
-- Indexes for table `data_template`
--
ALTER TABLE `data_template`
  ADD PRIMARY KEY (`id`);

--
-- Indexes for table `data_template_data`
--
ALTER TABLE `data_template_data`
  ADD PRIMARY KEY (`id`),
  ADD KEY `local_data_id` (`local_data_id`),
  ADD KEY `data_template_id` (`data_template_id`),
  ADD KEY `data_input_id` (`data_input_id`);

--
-- Indexes for table `data_template_data_rra`
--
ALTER TABLE `data_template_data_rra`
  ADD PRIMARY KEY (`data_template_data_id`,`rra_id`),
  ADD KEY `data_template_data_id` (`data_template_data_id`);

--
-- Indexes for table `data_template_rrd`
--
ALTER TABLE `data_template_rrd`
  ADD PRIMARY KEY (`id`),
  ADD UNIQUE KEY `duplicate_dsname_contraint` (`local_data_id`,`data_source_name`,`data_template_id`),
  ADD KEY `local_data_id` (`local_data_id`),
  ADD KEY `data_template_id` (`data_template_id`),
  ADD KEY `local_data_template_rrd_id` (`local_data_template_rrd_id`),
  ADD KEY `data_source_name` (`data_source_name`);

--
-- Indexes for table `graph_local`
--
ALTER TABLE `graph_local`
  ADD PRIMARY KEY (`id`),
  ADD KEY `host_id` (`host_id`),
  ADD KEY `graph_template_id` (`graph_template_id`),
  ADD KEY `snmp_query_id` (`snmp_query_id`),
  ADD KEY `snmp_index` (`snmp_index`);

--
-- Indexes for table `graph_templates`
--
ALTER TABLE `graph_templates`
  ADD PRIMARY KEY (`id`),
  ADD KEY `name` (`name`);

--
-- Indexes for table `graph_templates_gprint`
--
ALTER TABLE `graph_templates_gprint`
  ADD PRIMARY KEY (`id`);

--
-- Indexes for table `graph_templates_graph`
--
ALTER TABLE `graph_templates_graph`
  ADD PRIMARY KEY (`id`),
  ADD KEY `local_graph_id` (`local_graph_id`),
  ADD KEY `graph_template_id` (`graph_template_id`),
  ADD KEY `title_cache` (`title_cache`);

--
-- Indexes for table `graph_templates_item`
--
ALTER TABLE `graph_templates_item`
  ADD PRIMARY KEY (`id`),
  ADD KEY `graph_template_id` (`graph_template_id`),
  ADD KEY `local_graph_id` (`local_graph_id`),
  ADD KEY `task_item_id` (`task_item_id`);

--
-- Indexes for table `graph_template_input`
--
ALTER TABLE `graph_template_input`
  ADD PRIMARY KEY (`id`);

--
-- Indexes for table `graph_template_input_defs`
--
ALTER TABLE `graph_template_input_defs`
  ADD PRIMARY KEY (`graph_template_input_id`,`graph_template_item_id`),
  ADD KEY `graph_template_input_id` (`graph_template_input_id`);

--
-- Indexes for table `graph_tree`
--
ALTER TABLE `graph_tree`
  ADD PRIMARY KEY (`id`);

--
-- Indexes for table `graph_tree_items`
--
ALTER TABLE `graph_tree_items`
  ADD PRIMARY KEY (`id`),
  ADD KEY `graph_tree_id` (`graph_tree_id`),
  ADD KEY `host_id` (`host_id`),
  ADD KEY `local_graph_id` (`local_graph_id`),
  ADD KEY `order_key` (`order_key`);

--
-- Indexes for table `host`
--
ALTER TABLE `host`
  ADD PRIMARY KEY (`id`),
  ADD KEY `disabled` (`disabled`);

--
-- Indexes for table `host_graph`
--
ALTER TABLE `host_graph`
  ADD PRIMARY KEY (`host_id`,`graph_template_id`);

--
-- Indexes for table `host_snmp_cache`
--
ALTER TABLE `host_snmp_cache`
  ADD PRIMARY KEY (`host_id`,`snmp_query_id`,`field_name`,`snmp_index`),
  ADD KEY `host_id` (`host_id`,`field_name`),
  ADD KEY `snmp_index` (`snmp_index`),
  ADD KEY `field_name` (`field_name`),
  ADD KEY `field_value` (`field_value`),
  ADD KEY `snmp_query_id` (`snmp_query_id`),
  ADD KEY `present` (`present`);

--
-- Indexes for table `host_snmp_query`
--
ALTER TABLE `host_snmp_query`
  ADD PRIMARY KEY (`host_id`,`snmp_query_id`),
  ADD KEY `host_id` (`host_id`);

--
-- Indexes for table `host_template`
--
ALTER TABLE `host_template`
  ADD PRIMARY KEY (`id`);

--
-- Indexes for table `host_template_graph`
--
ALTER TABLE `host_template_graph`
  ADD PRIMARY KEY (`host_template_id`,`graph_template_id`),
  ADD KEY `host_template_id` (`host_template_id`);

--
-- Indexes for table `host_template_snmp_query`
--
ALTER TABLE `host_template_snmp_query`
  ADD PRIMARY KEY (`host_template_id`,`snmp_query_id`),
  ADD KEY `host_template_id` (`host_template_id`);

--
-- Indexes for table `plugin_config`
--
ALTER TABLE `plugin_config`
  ADD PRIMARY KEY (`id`),
  ADD KEY `status` (`status`),
  ADD KEY `directory` (`directory`);

--
-- Indexes for table `plugin_db_changes`
--
ALTER TABLE `plugin_db_changes`
  ADD PRIMARY KEY (`id`),
  ADD KEY `plugin` (`plugin`),
  ADD KEY `method` (`method`);

--
-- Indexes for table `plugin_hooks`
--
ALTER TABLE `plugin_hooks`
  ADD PRIMARY KEY (`id`),
  ADD KEY `hook` (`hook`),
  ADD KEY `status` (`status`);

--
-- Indexes for table `plugin_notification_lists`
--
ALTER TABLE `plugin_notification_lists`
  ADD PRIMARY KEY (`id`);

--
-- Indexes for table `plugin_realms`
--
ALTER TABLE `plugin_realms`
  ADD PRIMARY KEY (`id`),
  ADD KEY `plugin` (`plugin`);

--
-- Indexes for table `plugin_thold_contacts`
--
ALTER TABLE `plugin_thold_contacts`
  ADD PRIMARY KEY (`id`),
  ADD KEY `type` (`type`),
  ADD KEY `user_id` (`user_id`);

--
-- Indexes for table `plugin_thold_host_failed`
--
ALTER TABLE `plugin_thold_host_failed`
  ADD PRIMARY KEY (`id`);

--
-- Indexes for table `plugin_thold_log`
--
ALTER TABLE `plugin_thold_log`
  ADD PRIMARY KEY (`id`),
  ADD KEY `time` (`time`),
  ADD KEY `host_id` (`host_id`),
  ADD KEY `graph_id` (`graph_id`),
  ADD KEY `threshold_id` (`threshold_id`),
  ADD KEY `status` (`status`),
  ADD KEY `type` (`type`);

--
-- Indexes for table `plugin_thold_template_contact`
--
ALTER TABLE `plugin_thold_template_contact`
  ADD KEY `template_id` (`template_id`),
  ADD KEY `contact_id` (`contact_id`);

--
-- Indexes for table `plugin_thold_threshold_contact`
--
ALTER TABLE `plugin_thold_threshold_contact`
  ADD KEY `thold_id` (`thold_id`),
  ADD KEY `contact_id` (`contact_id`);

--
-- Indexes for table `poller`
--
ALTER TABLE `poller`
  ADD PRIMARY KEY (`id`);

--
-- Indexes for table `poller_command`
--
ALTER TABLE `poller_command`
  ADD PRIMARY KEY (`poller_id`,`action`,`command`);

--
-- Indexes for table `poller_item`
--
ALTER TABLE `poller_item`
  ADD PRIMARY KEY (`local_data_id`,`rrd_name`),
  ADD KEY `local_data_id` (`local_data_id`),
  ADD KEY `host_id` (`host_id`),
  ADD KEY `rrd_next_step` (`rrd_next_step`),
  ADD KEY `action` (`action`),
  ADD KEY `present` (`present`);

--
-- Indexes for table `poller_output`
--
ALTER TABLE `poller_output`
  ADD PRIMARY KEY (`local_data_id`,`rrd_name`,`time`) USING BTREE;

--
-- Indexes for table `poller_reindex`
--
ALTER TABLE `poller_reindex`
  ADD PRIMARY KEY (`host_id`,`data_query_id`,`arg1`),
  ADD KEY `present` (`present`);

--
-- Indexes for table `poller_time`
--
ALTER TABLE `poller_time`
  ADD PRIMARY KEY (`id`);

--
-- Indexes for table `rra`
--
ALTER TABLE `rra`
  ADD PRIMARY KEY (`id`);

--
-- Indexes for table `rra_cf`
--
ALTER TABLE `rra_cf`
  ADD PRIMARY KEY (`rra_id`,`consolidation_function_id`),
  ADD KEY `rra_id` (`rra_id`);

--
-- Indexes for table `settings`
--
ALTER TABLE `settings`
  ADD PRIMARY KEY (`name`);

--
-- Indexes for table `settings_graphs`
--
ALTER TABLE `settings_graphs`
  ADD PRIMARY KEY (`user_id`,`name`);

--
-- Indexes for table `settings_tree`
--
ALTER TABLE `settings_tree`
  ADD PRIMARY KEY (`user_id`,`graph_tree_item_id`);

--
-- Indexes for table `snmp_query`
--
ALTER TABLE `snmp_query`
  ADD PRIMARY KEY (`id`),
  ADD KEY `name` (`name`);

--
-- Indexes for table `snmp_query_graph`
--
ALTER TABLE `snmp_query_graph`
  ADD PRIMARY KEY (`id`);

--
-- Indexes for table `snmp_query_graph_rrd`
--
ALTER TABLE `snmp_query_graph_rrd`
  ADD PRIMARY KEY (`snmp_query_graph_id`,`data_template_id`,`data_template_rrd_id`),
  ADD KEY `data_template_rrd_id` (`data_template_rrd_id`),
  ADD KEY `snmp_query_graph_id` (`snmp_query_graph_id`);

--
-- Indexes for table `snmp_query_graph_rrd_sv`
--
ALTER TABLE `snmp_query_graph_rrd_sv`
  ADD PRIMARY KEY (`id`),
  ADD KEY `snmp_query_graph_id` (`snmp_query_graph_id`),
  ADD KEY `data_template_id` (`data_template_id`);

--
-- Indexes for table `snmp_query_graph_sv`
--
ALTER TABLE `snmp_query_graph_sv`
  ADD PRIMARY KEY (`id`),
  ADD KEY `snmp_query_graph_id` (`snmp_query_graph_id`);

--
-- Indexes for table `thold_data`
--
ALTER TABLE `thold_data`
  ADD PRIMARY KEY (`id`),
  ADD KEY `host_id` (`host_id`),
  ADD KEY `rra_id` (`rra_id`),
  ADD KEY `data_id` (`data_id`),
  ADD KEY `graph_id` (`graph_id`),
  ADD KEY `template` (`template`),
  ADD KEY `thold_enabled` (`thold_enabled`),
  ADD KEY `template_enabled` (`template_enabled`),
  ADD KEY `tcheck` (`tcheck`);

--
-- Indexes for table `thold_template`
--
ALTER TABLE `thold_template`
  ADD PRIMARY KEY (`id`),
  ADD KEY `id` (`id`),
  ADD KEY `data_source_id` (`data_source_id`),
  ADD KEY `data_template_id` (`data_template_id`);

--
-- Indexes for table `user_auth`
--
ALTER TABLE `user_auth`
  ADD PRIMARY KEY (`id`),
  ADD KEY `username` (`username`),
  ADD KEY `realm` (`realm`),
  ADD KEY `enabled` (`enabled`);

--
-- Indexes for table `user_auth_perms`
--
ALTER TABLE `user_auth_perms`
  ADD PRIMARY KEY (`user_id`,`item_id`,`type`),
  ADD KEY `user_id` (`user_id`,`type`);

--
-- Indexes for table `user_auth_realm`
--
ALTER TABLE `user_auth_realm`
  ADD PRIMARY KEY (`realm_id`,`user_id`),
  ADD KEY `user_id` (`user_id`);

--
-- Indexes for table `user_log`
--
ALTER TABLE `user_log`
  ADD PRIMARY KEY (`username`,`user_id`,`time`),
  ADD KEY `username` (`username`),
  ADD KEY `user_id` (`user_id`);

--
-- Indexes for table `weathermap_data`
--
ALTER TABLE `weathermap_data`
  ADD PRIMARY KEY (`id`),
  ADD KEY `rrdfile` (`rrdfile`),
  ADD KEY `local_data_id` (`local_data_id`),
  ADD KEY `data_source_name` (`data_source_name`);

--
-- Indexes for table `weathermap_groups`
--
ALTER TABLE `weathermap_groups`
  ADD PRIMARY KEY (`id`);

--
-- Indexes for table `weathermap_maps`
--
ALTER TABLE `weathermap_maps`
  ADD PRIMARY KEY (`id`);

--
-- Indexes for table `weathermap_settings`
--
ALTER TABLE `weathermap_settings`
  ADD PRIMARY KEY (`id`);

--
-- 在导出的表使用AUTO_INCREMENT
--

--
-- 使用表AUTO_INCREMENT `cdef`
--
ALTER TABLE `cdef`
  MODIFY `id` mediumint(8) UNSIGNED NOT NULL AUTO_INCREMENT, AUTO_INCREMENT=17;
--
-- 使用表AUTO_INCREMENT `cdef_items`
--
ALTER TABLE `cdef_items`
  MODIFY `id` mediumint(8) UNSIGNED NOT NULL AUTO_INCREMENT, AUTO_INCREMENT=24;
--
-- 使用表AUTO_INCREMENT `colors`
--
ALTER TABLE `colors`
  MODIFY `id` mediumint(8) UNSIGNED NOT NULL AUTO_INCREMENT, AUTO_INCREMENT=105;
--
-- 使用表AUTO_INCREMENT `data_input`
--
ALTER TABLE `data_input`
  MODIFY `id` mediumint(8) UNSIGNED NOT NULL AUTO_INCREMENT, AUTO_INCREMENT=13;
--
-- 使用表AUTO_INCREMENT `data_input_fields`
--
ALTER TABLE `data_input_fields`
  MODIFY `id` mediumint(8) UNSIGNED NOT NULL AUTO_INCREMENT, AUTO_INCREMENT=47;
--
-- 使用表AUTO_INCREMENT `data_local`
--
ALTER TABLE `data_local`
  MODIFY `id` mediumint(8) UNSIGNED NOT NULL AUTO_INCREMENT, AUTO_INCREMENT=741;
--
-- 使用表AUTO_INCREMENT `data_template`
--
ALTER TABLE `data_template`
  MODIFY `id` mediumint(8) UNSIGNED NOT NULL AUTO_INCREMENT, AUTO_INCREMENT=49;
--
-- 使用表AUTO_INCREMENT `data_template_data`
--
ALTER TABLE `data_template_data`
  MODIFY `id` mediumint(8) UNSIGNED NOT NULL AUTO_INCREMENT, AUTO_INCREMENT=803;
--
-- 使用表AUTO_INCREMENT `data_template_rrd`
--
ALTER TABLE `data_template_rrd`
  MODIFY `id` mediumint(8) UNSIGNED NOT NULL AUTO_INCREMENT, AUTO_INCREMENT=1186;
--
-- 使用表AUTO_INCREMENT `graph_local`
--
ALTER TABLE `graph_local`
  MODIFY `id` mediumint(8) UNSIGNED NOT NULL AUTO_INCREMENT, AUTO_INCREMENT=606;
--
-- 使用表AUTO_INCREMENT `graph_templates`
--
ALTER TABLE `graph_templates`
  MODIFY `id` mediumint(8) UNSIGNED NOT NULL AUTO_INCREMENT, AUTO_INCREMENT=35;
--
-- 使用表AUTO_INCREMENT `graph_templates_gprint`
--
ALTER TABLE `graph_templates_gprint`
  MODIFY `id` mediumint(8) UNSIGNED NOT NULL AUTO_INCREMENT, AUTO_INCREMENT=5;
--
-- 使用表AUTO_INCREMENT `graph_templates_graph`
--
ALTER TABLE `graph_templates_graph`
  MODIFY `id` mediumint(8) UNSIGNED NOT NULL AUTO_INCREMENT, AUTO_INCREMENT=649;
--
-- 使用表AUTO_INCREMENT `graph_templates_item`
--
ALTER TABLE `graph_templates_item`
  MODIFY `id` int(12) UNSIGNED NOT NULL AUTO_INCREMENT, AUTO_INCREMENT=4878;
--
-- 使用表AUTO_INCREMENT `graph_template_input`
--
ALTER TABLE `graph_template_input`
  MODIFY `id` mediumint(8) UNSIGNED NOT NULL AUTO_INCREMENT, AUTO_INCREMENT=84;
--
-- 使用表AUTO_INCREMENT `graph_tree`
--
ALTER TABLE `graph_tree`
  MODIFY `id` smallint(5) UNSIGNED NOT NULL AUTO_INCREMENT, AUTO_INCREMENT=2;
--
-- 使用表AUTO_INCREMENT `graph_tree_items`
--
ALTER TABLE `graph_tree_items`
  MODIFY `id` mediumint(8) UNSIGNED NOT NULL AUTO_INCREMENT, AUTO_INCREMENT=42;
--
-- 使用表AUTO_INCREMENT `host`
--
ALTER TABLE `host`
  MODIFY `id` mediumint(8) UNSIGNED NOT NULL AUTO_INCREMENT, AUTO_INCREMENT=72;
--
-- 使用表AUTO_INCREMENT `host_template`
--
ALTER TABLE `host_template`
  MODIFY `id` mediumint(8) UNSIGNED NOT NULL AUTO_INCREMENT, AUTO_INCREMENT=10;
--
-- 使用表AUTO_INCREMENT `plugin_config`
--
ALTER TABLE `plugin_config`
  MODIFY `id` int(8) NOT NULL AUTO_INCREMENT, AUTO_INCREMENT=7;
--
-- 使用表AUTO_INCREMENT `plugin_db_changes`
--
ALTER TABLE `plugin_db_changes`
  MODIFY `id` int(10) NOT NULL AUTO_INCREMENT, AUTO_INCREMENT=13;
--
-- 使用表AUTO_INCREMENT `plugin_hooks`
--
ALTER TABLE `plugin_hooks`
  MODIFY `id` int(8) NOT NULL AUTO_INCREMENT, AUTO_INCREMENT=54;
--
-- 使用表AUTO_INCREMENT `plugin_notification_lists`
--
ALTER TABLE `plugin_notification_lists`
  MODIFY `id` int(12) NOT NULL AUTO_INCREMENT;
--
-- 使用表AUTO_INCREMENT `plugin_realms`
--
ALTER TABLE `plugin_realms`
  MODIFY `id` int(8) NOT NULL AUTO_INCREMENT, AUTO_INCREMENT=13;
--
-- 使用表AUTO_INCREMENT `plugin_thold_contacts`
--
ALTER TABLE `plugin_thold_contacts`
  MODIFY `id` int(12) NOT NULL AUTO_INCREMENT, AUTO_INCREMENT=4;
--
-- 使用表AUTO_INCREMENT `plugin_thold_host_failed`
--
ALTER TABLE `plugin_thold_host_failed`
  MODIFY `id` int(12) UNSIGNED NOT NULL AUTO_INCREMENT;
--
-- 使用表AUTO_INCREMENT `plugin_thold_log`
--
ALTER TABLE `plugin_thold_log`
  MODIFY `id` int(12) NOT NULL AUTO_INCREMENT, AUTO_INCREMENT=33;
--
-- 使用表AUTO_INCREMENT `poller`
--
ALTER TABLE `poller`
  MODIFY `id` smallint(5) UNSIGNED NOT NULL AUTO_INCREMENT;
--
-- 使用表AUTO_INCREMENT `poller_time`
--
ALTER TABLE `poller_time`
  MODIFY `id` mediumint(8) UNSIGNED NOT NULL AUTO_INCREMENT, AUTO_INCREMENT=2;
--
-- 使用表AUTO_INCREMENT `rra`
--
ALTER TABLE `rra`
  MODIFY `id` mediumint(8) UNSIGNED NOT NULL AUTO_INCREMENT, AUTO_INCREMENT=6;
--
-- 使用表AUTO_INCREMENT `snmp_query`
--
ALTER TABLE `snmp_query`
  MODIFY `id` mediumint(8) UNSIGNED NOT NULL AUTO_INCREMENT, AUTO_INCREMENT=10;
--
-- 使用表AUTO_INCREMENT `snmp_query_graph`
--
ALTER TABLE `snmp_query_graph`
  MODIFY `id` mediumint(8) UNSIGNED NOT NULL AUTO_INCREMENT, AUTO_INCREMENT=23;
--
-- 使用表AUTO_INCREMENT `snmp_query_graph_rrd_sv`
--
ALTER TABLE `snmp_query_graph_rrd_sv`
  MODIFY `id` mediumint(8) UNSIGNED NOT NULL AUTO_INCREMENT, AUTO_INCREMENT=110;
--
-- 使用表AUTO_INCREMENT `snmp_query_graph_sv`
--
ALTER TABLE `snmp_query_graph_sv`
  MODIFY `id` mediumint(8) UNSIGNED NOT NULL AUTO_INCREMENT, AUTO_INCREMENT=50;
--
-- 使用表AUTO_INCREMENT `thold_data`
--
ALTER TABLE `thold_data`
  MODIFY `id` int(11) NOT NULL AUTO_INCREMENT, AUTO_INCREMENT=20;
--
-- 使用表AUTO_INCREMENT `thold_template`
--
ALTER TABLE `thold_template`
  MODIFY `id` int(11) NOT NULL AUTO_INCREMENT, AUTO_INCREMENT=9;
--
-- 使用表AUTO_INCREMENT `user_auth`
--
ALTER TABLE `user_auth`
  MODIFY `id` mediumint(8) UNSIGNED NOT NULL AUTO_INCREMENT, AUTO_INCREMENT=5;
--
-- 使用表AUTO_INCREMENT `weathermap_data`
--
ALTER TABLE `weathermap_data`
  MODIFY `id` int(11) NOT NULL AUTO_INCREMENT;
--
-- 使用表AUTO_INCREMENT `weathermap_groups`
--
ALTER TABLE `weathermap_groups`
  MODIFY `id` int(11) NOT NULL AUTO_INCREMENT, AUTO_INCREMENT=2;
--
-- 使用表AUTO_INCREMENT `weathermap_maps`
--
ALTER TABLE `weathermap_maps`
  MODIFY `id` int(11) NOT NULL AUTO_INCREMENT;
--
-- 使用表AUTO_INCREMENT `weathermap_settings`
--
ALTER TABLE `weathermap_settings`
  MODIFY `id` int(11) NOT NULL AUTO_INCREMENT;
/*!40101 SET CHARACTER_SET_CLIENT=@OLD_CHARACTER_SET_CLIENT */;
/*!40101 SET CHARACTER_SET_RESULTS=@OLD_CHARACTER_SET_RESULTS */;
/*!40101 SET COLLATION_CONNECTION=@OLD_COLLATION_CONNECTION */;
